#
# There is insufficient memory for the Java Runtime Environment to continue.
# Native memory allocation (malloc) failed to allocate 1603728 bytes. Error detail: Chunk::new
# Possible reasons:
#   The system is out of physical RAM or swap space
#   This process is running with CompressedOops enabled, and the Java Heap may be blocking the growth of the native heap
# Possible solutions:
#   Reduce memory load on the system
#   Increase physical memory or swap space
#   Check if swap backing store is full
#   Decrease Java heap size (-Xmx/-Xms)
#   Decrease number of Java threads
#   Decrease Java thread stack sizes (-Xss)
#   Set larger code cache with -XX:ReservedCodeCacheSize=
#   JVM is running with Unscaled Compressed Oops mode in which the Java heap is
#     placed in the first 4GB address space. The Java Heap base address is the
#     maximum limit for the native heap growth. Please use -XX:HeapBaseMinAddress
#     to set the Java Heap base and to place the Java Heap above 4GB virtual address.
# This output file may be truncated or incomplete.
#
#  Out of Memory Error (arena.cpp:168), pid=26444, tid=6520
#
# JRE version: OpenJDK Runtime Environment Temurin-21.0.7+6 (21.0.7+6) (build 21.0.7+6-LTS)
# Java VM: OpenJDK 64-Bit Server VM Temurin-21.0.7+6 (21.0.7+6-LTS, mixed mode, sharing, tiered, compressed oops, compressed class ptrs, g1 gc, windows-amd64)
# No core dump will be written. Minidumps are not enabled by default on client versions of Windows
#

---------------  S U M M A R Y ------------

Command Line: --add-opens=java.base/java.lang=ALL-UNNAMED --add-opens=java.base/java.lang.invoke=ALL-UNNAMED --add-opens=java.base/java.util=ALL-UNNAMED --add-opens=java.prefs/java.util.prefs=ALL-UNNAMED --add-exports=jdk.compiler/com.sun.tools.javac.api=ALL-UNNAMED --add-exports=jdk.compiler/com.sun.tools.javac.util=ALL-UNNAMED --add-opens=java.base/java.util=ALL-UNNAMED --add-opens=java.prefs/java.util.prefs=ALL-UNNAMED --add-opens=java.base/java.nio.charset=ALL-UNNAMED --add-opens=java.base/java.net=ALL-UNNAMED --add-opens=java.base/java.util.concurrent=ALL-UNNAMED --add-opens=java.base/java.util.concurrent.atomic=ALL-UNNAMED --add-opens=java.xml/javax.xml.namespace=ALL-UNNAMED --add-opens=java.base/java.time=ALL-UNNAMED -Xmx2048m -Dfile.encoding=UTF-8 -Duser.country=US -Duser.language=en -Duser.variant -javaagent:C:\Users\thoma\.gradle\wrapper\dists\gradle-9.2.1-bin\2t0n5ozlw9xmuyvbp7dnzaxug\gradle-9.2.1\lib\agents\gradle-instrumentation-agent-9.2.1.jar org.gradle.launcher.daemon.bootstrap.GradleDaemon 9.2.1

Host: 13th Gen Intel(R) Core(TM) i9-13900H, 20 cores, 15G,  Windows 11 , 64 bit Build 26100 (10.0.26100.8328)
Time: Wed Jun  3 13:18:35 2026 Hora est. Pacífico, Sudamérica elapsed time: 76.139532 seconds (0d 0h 1m 16s)

---------------  T H R E A D  ---------------

Current thread (0x0000013df17b25c0):  JavaThread "C2 CompilerThread0" daemon [_thread_in_native, id=6520, stack(0x000000306f900000,0x000000306fa00000) (1024K)]


Current CompileTask:
C2:76139 35185   !   4       com.google.common.reflect.TypeVisitor::visit (225 bytes)

Stack: [0x000000306f900000,0x000000306fa00000]
Native frames: (J=compiled Java code, j=interpreted, Vv=VM code, C=native code)
V  [jvm.dll+0x6ce119]
V  [jvm.dll+0x8a84a1]
V  [jvm.dll+0x8aa9ce]
V  [jvm.dll+0x8ab0b3]
V  [jvm.dll+0x27f8a6]
V  [jvm.dll+0xc507d]
V  [jvm.dll+0xc55b3]
V  [jvm.dll+0x3b692c]
V  [jvm.dll+0x382aa5]
V  [jvm.dll+0x381f0a]
V  [jvm.dll+0x247af0]
V  [jvm.dll+0x2470cf]
V  [jvm.dll+0x1c760e]
V  [jvm.dll+0x25695a]
V  [jvm.dll+0x254efa]
V  [jvm.dll+0x3f03f6]
V  [jvm.dll+0x851f6b]
V  [jvm.dll+0x6cc7dd]
C  [ucrtbase.dll+0x37b0]
C  [KERNEL32.DLL+0x2e957]
C  [ntdll.dll+0x427c]


---------------  P R O C E S S  ---------------

Threads class SMR info:
_java_thread_list=0x0000013dff450630, length=125, elements={
0x0000013dd3a67b50, 0x0000013df0902d80, 0x0000013df09057e0, 0x0000013df0908240,
0x0000013df0908dc0, 0x0000013df0909940, 0x0000013df0913a10, 0x0000013df17b25c0,
0x0000013df0919880, 0x0000013df18ebe60, 0x0000013df1a864d0, 0x0000013df615c4d0,
0x0000013df6e66870, 0x0000013df7acbae0, 0x0000013df7a14ae0, 0x0000013df7a6dc60,
0x0000013df7a5c410, 0x0000013df7a91300, 0x0000013df7a8f230, 0x0000013df7a8ff50,
0x0000013df7a90c70, 0x0000013df7a905e0, 0x0000013df7a91990, 0x0000013df7a92020,
0x0000013df92c42e0, 0x0000013df92c35c0, 0x0000013df92c14f0, 0x0000013df92c1b80,
0x0000013df92c2210, 0x0000013df92c28a0, 0x0000013df92c2f30, 0x0000013df92c0e60,
0x0000013df92c8480, 0x0000013df9b590e0, 0x0000013df9b59770, 0x0000013dfe09ca10,
0x0000013dfa4e5410, 0x0000013df9b5ecc0, 0x0000013dfc66f4f0, 0x0000013dfc670f30,
0x0000013dfc66fb80, 0x0000013dfc670210, 0x0000013dfc6708a0, 0x0000013dfc6715c0,
0x0000013dfc671c50, 0x0000013dfc66e7d0, 0x0000013dfc66ee60, 0x0000013dfc6722e0,
0x0000013dfc673000, 0x0000013dfc6743b0, 0x0000013dfc672970, 0x0000013dfc675760,
0x0000013dfc673690, 0x0000013dfc673d20, 0x0000013dfc674a40, 0x0000013dfe4c1790,
0x0000013dfe4c03e0, 0x0000013dfe4c1e20, 0x0000013dfe4bf030, 0x0000013dfe4c2b40,
0x0000013dfe4bf6c0, 0x0000013dfe4c0a70, 0x0000013dfe4c31d0, 0x0000013dfe4bfd50,
0x0000013dfe4c5930, 0x0000013dfe4c52a0, 0x0000013dfe4c6650, 0x0000013dfe4c4580,
0x0000013dfe4c5fc0, 0x0000013dfe4c6ce0, 0x0000013dfe4c3860, 0x0000013dfe4c7370,
0x0000013dfe4c4c10, 0x0000013dfe4c3ef0, 0x0000013dfe4c7a00, 0x0000013dfe4ca160,
0x0000013dfe4ca7f0, 0x0000013dfe4cae80, 0x0000013dfe4c9440, 0x0000013dfe4cb510,
0x0000013dfe4c9ad0, 0x0000013dfe4c8090, 0x0000013dfe4cbba0, 0x0000013dfe4c8720,
0x0000013dfe4cc230, 0x0000013dfe4cc8c0, 0x0000013dfe4ccf50, 0x0000013dfe4cd5e0,
0x0000013dfe4cdc70, 0x0000013dfe4ce300, 0x0000013df9fbf4a0, 0x0000013df9fc01c0,
0x0000013df9fbfb30, 0x0000013df9fbe780, 0x0000013df9fc1570, 0x0000013df9fc0850,
0x0000013df9fc2290, 0x0000013df9fc0ee0, 0x0000013df9fc1c00, 0x0000013df9fbee10,
0x0000013df9fc2fb0, 0x0000013dc268c3e0, 0x0000013dc268ca70, 0x0000013dc26895f0,
0x0000013dc268d790, 0x0000013dc268a310, 0x0000013dc268de20, 0x0000013dc268f860,
0x0000013dc2690580, 0x0000013dc268fef0, 0x0000013dc268eb40, 0x0000013dc268e4b0,
0x0000013dc268f1d0, 0x0000013dfe09a940, 0x0000013dfe0a0bb0, 0x0000013dfe0a1240,
0x0000013dfe0a18d0, 0x0000013dfe09eae0, 0x0000013dfa4eaff0, 0x0000013dfa4e8f20,
0x0000013dfa4ecda0, 0x0000013dfa4f43c0, 0x0000013dfa4f3010, 0x0000013dc2ee1e10,
0x0000013dfc8fcd90
}

Java Threads: ( => current thread )
  0x0000013dd3a67b50 JavaThread "main"                              [_thread_blocked, id=23904, stack(0x000000306eb00000,0x000000306ec00000) (1024K)]
  0x0000013df0902d80 JavaThread "Reference Handler"          daemon [_thread_blocked, id=5664, stack(0x000000306f300000,0x000000306f400000) (1024K)]
  0x0000013df09057e0 JavaThread "Finalizer"                  daemon [_thread_blocked, id=18132, stack(0x000000306f400000,0x000000306f500000) (1024K)]
  0x0000013df0908240 JavaThread "Signal Dispatcher"          daemon [_thread_blocked, id=580, stack(0x000000306f500000,0x000000306f600000) (1024K)]
  0x0000013df0908dc0 JavaThread "Attach Listener"            daemon [_thread_blocked, id=14592, stack(0x000000306f600000,0x000000306f700000) (1024K)]
  0x0000013df0909940 JavaThread "Service Thread"             daemon [_thread_blocked, id=30968, stack(0x000000306f700000,0x000000306f800000) (1024K)]
  0x0000013df0913a10 JavaThread "Monitor Deflation Thread"   daemon [_thread_blocked, id=27780, stack(0x000000306f800000,0x000000306f900000) (1024K)]
=>0x0000013df17b25c0 JavaThread "C2 CompilerThread0"         daemon [_thread_in_native, id=6520, stack(0x000000306f900000,0x000000306fa00000) (1024K)]
  0x0000013df0919880 JavaThread "C1 CompilerThread0"         daemon [_thread_blocked, id=21336, stack(0x000000306fa00000,0x000000306fb00000) (1024K)]
  0x0000013df18ebe60 JavaThread "Common-Cleaner"             daemon [_thread_blocked, id=28588, stack(0x000000306fc00000,0x000000306fd00000) (1024K)]
  0x0000013df1a864d0 JavaThread "Notification Thread"        daemon [_thread_blocked, id=6216, stack(0x000000306ff00000,0x0000003070000000) (1024K)]
  0x0000013df615c4d0 JavaThread "Daemon health stats"               [_thread_blocked, id=34484, stack(0x0000003070000000,0x0000003070100000) (1024K)]
  0x0000013df6e66870 JavaThread "Incoming local TCP Connector on port 60356"        [_thread_in_native, id=13392, stack(0x0000003070700000,0x0000003070800000) (1024K)]
  0x0000013df7acbae0 JavaThread "Daemon periodic checks"            [_thread_blocked, id=23020, stack(0x0000003070800000,0x0000003070900000) (1024K)]
  0x0000013df7a14ae0 JavaThread "Daemon"                            [_thread_blocked, id=23256, stack(0x0000003070900000,0x0000003070a00000) (1024K)]
  0x0000013df7a6dc60 JavaThread "Handler for socket connection from /127.0.0.1:60356 to /127.0.0.1:60357"        [_thread_in_native, id=15776, stack(0x0000003070a00000,0x0000003070b00000) (1024K)]
  0x0000013df7a5c410 JavaThread "Cancel handler"                    [_thread_blocked, id=30640, stack(0x0000003070b00000,0x0000003070c00000) (1024K)]
  0x0000013df7a91300 JavaThread "Daemon worker"                     [_thread_in_Java, id=30076, stack(0x0000003070c00000,0x0000003070d00000) (1024K)]
  0x0000013df7a8f230 JavaThread "Asynchronous log dispatcher for DefaultDaemonConnection: socket connection from /127.0.0.1:60356 to /127.0.0.1:60357"        [_thread_blocked, id=13092, stack(0x0000003070d00000,0x0000003070e00000) (1024K)]
  0x0000013df7a8ff50 JavaThread "Stdin handler"                     [_thread_blocked, id=9376, stack(0x0000003070e00000,0x0000003070f00000) (1024K)]
  0x0000013df7a90c70 JavaThread "Daemon client event forwarder"        [_thread_blocked, id=1228, stack(0x0000003070f00000,0x0000003071000000) (1024K)]
  0x0000013df7a905e0 JavaThread "Cache worker for journal cache (C:\Users\thoma\.gradle\caches\journal-1)"        [_thread_blocked, id=16020, stack(0x0000003071000000,0x0000003071100000) (1024K)]
  0x0000013df7a91990 JavaThread "File lock request listener"        [_thread_in_native, id=19536, stack(0x0000003071100000,0x0000003071200000) (1024K)]
  0x0000013df7a92020 JavaThread "Cache worker for file hash cache (C:\Users\thoma\.gradle\caches\9.2.1\fileHashes)"        [_thread_blocked, id=26368, stack(0x0000003071200000,0x0000003071300000) (1024K)]
  0x0000013df92c42e0 JavaThread "Cache worker for file hash cache (C:\Users\thoma\Downloads\pagaApp\pagaApp\.gradle\9.2.1\fileHashes)"        [_thread_blocked, id=8892, stack(0x0000003072100000,0x0000003072200000) (1024K)]
  0x0000013df92c35c0 JavaThread "Cache worker for Build Output Cleanup Cache (C:\Users\thoma\Downloads\pagaApp\pagaApp\.gradle\buildOutputCleanup)"        [_thread_blocked, id=11408, stack(0x0000003072200000,0x0000003072300000) (1024K)]
  0x0000013df92c14f0 JavaThread "File watcher server"        daemon [_thread_in_native, id=30320, stack(0x0000003072300000,0x0000003072400000) (1024K)]
  0x0000013df92c1b80 JavaThread "File watcher consumer"      daemon [_thread_blocked, id=32020, stack(0x0000003072400000,0x0000003072500000) (1024K)]
  0x0000013df92c2210 JavaThread "Cache worker for checksums cache (C:\Users\thoma\Downloads\pagaApp\pagaApp\.gradle\9.2.1\checksums)"        [_thread_blocked, id=27976, stack(0x0000003072500000,0x0000003072600000) (1024K)]
  0x0000013df92c28a0 JavaThread "Cache worker for file content cache (C:\Users\thoma\.gradle\caches\9.2.1\fileContent)"        [_thread_blocked, id=17424, stack(0x0000003072600000,0x0000003072700000) (1024K)]
  0x0000013df92c2f30 JavaThread "Cache worker for cache directory md-supplier (C:\Users\thoma\.gradle\caches\9.2.1\md-supplier)"        [_thread_blocked, id=22304, stack(0x0000003072700000,0x0000003072800000) (1024K)]
  0x0000013df92c0e60 JavaThread "Cache worker for cache directory md-rule (C:\Users\thoma\.gradle\caches\9.2.1\md-rule)"        [_thread_blocked, id=12948, stack(0x0000003072800000,0x0000003072900000) (1024K)]
  0x0000013df92c8480 JavaThread "Unconstrained build operations"        [_thread_blocked, id=29028, stack(0x0000003070600000,0x0000003070700000) (1024K)]
  0x0000013df9b590e0 JavaThread "Unconstrained build operations Thread 2"        [_thread_blocked, id=2848, stack(0x0000003071300000,0x0000003071400000) (1024K)]
  0x0000013df9b59770 JavaThread "Unconstrained build operations Thread 3"        [_thread_blocked, id=31180, stack(0x0000003072a00000,0x0000003072b00000) (1024K)]
  0x0000013dfe09ca10 JavaThread "Kotlin DSL Writer"                 [_thread_blocked, id=30304, stack(0x0000003073000000,0x0000003073100000) (1024K)]
  0x0000013dfa4e5410 JavaThread "Unconstrained build operations Thread 4"        [_thread_blocked, id=15992, stack(0x0000003072b00000,0x0000003072c00000) (1024K)]
  0x0000013df9b5ecc0 JavaThread "Unconstrained build operations Thread 5"        [_thread_blocked, id=35548, stack(0x0000003072c00000,0x0000003072d00000) (1024K)]
  0x0000013dfc66f4f0 JavaThread "Unconstrained build operations Thread 6"        [_thread_blocked, id=27576, stack(0x0000003072d00000,0x0000003072e00000) (1024K)]
  0x0000013dfc670f30 JavaThread "Unconstrained build operations Thread 7"        [_thread_blocked, id=28668, stack(0x0000003072e00000,0x0000003072f00000) (1024K)]
  0x0000013dfc66fb80 JavaThread "Unconstrained build operations Thread 8"        [_thread_blocked, id=13996, stack(0x0000003072f00000,0x0000003073000000) (1024K)]
  0x0000013dfc670210 JavaThread "Unconstrained build operations Thread 9"        [_thread_blocked, id=24524, stack(0x0000003073100000,0x0000003073200000) (1024K)]
  0x0000013dfc6708a0 JavaThread "Unconstrained build operations Thread 10"        [_thread_blocked, id=13108, stack(0x0000003073200000,0x0000003073300000) (1024K)]
  0x0000013dfc6715c0 JavaThread "Unconstrained build operations Thread 11"        [_thread_blocked, id=24320, stack(0x0000003073300000,0x0000003073400000) (1024K)]
  0x0000013dfc671c50 JavaThread "Unconstrained build operations Thread 12"        [_thread_blocked, id=31548, stack(0x0000003073400000,0x0000003073500000) (1024K)]
  0x0000013dfc66e7d0 JavaThread "Unconstrained build operations Thread 13"        [_thread_blocked, id=4212, stack(0x0000003073500000,0x0000003073600000) (1024K)]
  0x0000013dfc66ee60 JavaThread "Unconstrained build operations Thread 14"        [_thread_blocked, id=16996, stack(0x0000003073600000,0x0000003073700000) (1024K)]
  0x0000013dfc6722e0 JavaThread "Unconstrained build operations Thread 15"        [_thread_blocked, id=16288, stack(0x0000003073700000,0x0000003073800000) (1024K)]
  0x0000013dfc673000 JavaThread "Unconstrained build operations Thread 16"        [_thread_blocked, id=29776, stack(0x0000003073800000,0x0000003073900000) (1024K)]
  0x0000013dfc6743b0 JavaThread "Unconstrained build operations Thread 17"        [_thread_blocked, id=31428, stack(0x0000003073900000,0x0000003073a00000) (1024K)]
  0x0000013dfc672970 JavaThread "Unconstrained build operations Thread 18"        [_thread_blocked, id=13064, stack(0x0000003073a00000,0x0000003073b00000) (1024K)]
  0x0000013dfc675760 JavaThread "Unconstrained build operations Thread 19"        [_thread_blocked, id=4072, stack(0x0000003073b00000,0x0000003073c00000) (1024K)]
  0x0000013dfc673690 JavaThread "Unconstrained build operations Thread 20"        [_thread_blocked, id=12440, stack(0x0000003073c00000,0x0000003073d00000) (1024K)]
  0x0000013dfc673d20 JavaThread "Unconstrained build operations Thread 21"        [_thread_blocked, id=20324, stack(0x0000003073d00000,0x0000003073e00000) (1024K)]
  0x0000013dfc674a40 JavaThread "Unconstrained build operations Thread 22"        [_thread_blocked, id=34896, stack(0x0000003073e00000,0x0000003073f00000) (1024K)]
  0x0000013dfe4c1790 JavaThread "Unconstrained build operations Thread 23"        [_thread_blocked, id=30428, stack(0x0000003074100000,0x0000003074200000) (1024K)]
  0x0000013dfe4c03e0 JavaThread "Unconstrained build operations Thread 24"        [_thread_blocked, id=15568, stack(0x0000003074200000,0x0000003074300000) (1024K)]
  0x0000013dfe4c1e20 JavaThread "Unconstrained build operations Thread 25"        [_thread_blocked, id=22956, stack(0x0000003072900000,0x0000003072a00000) (1024K)]
  0x0000013dfe4bf030 JavaThread "Unconstrained build operations Thread 26"        [_thread_blocked, id=9324, stack(0x0000003073f00000,0x0000003074000000) (1024K)]
  0x0000013dfe4c2b40 JavaThread "Unconstrained build operations Thread 27"        [_thread_blocked, id=22548, stack(0x0000003074000000,0x0000003074100000) (1024K)]
  0x0000013dfe4bf6c0 JavaThread "Unconstrained build operations Thread 28"        [_thread_blocked, id=492, stack(0x0000003074300000,0x0000003074400000) (1024K)]
  0x0000013dfe4c0a70 JavaThread "Unconstrained build operations Thread 29"        [_thread_blocked, id=3532, stack(0x0000003074400000,0x0000003074500000) (1024K)]
  0x0000013dfe4c31d0 JavaThread "Unconstrained build operations Thread 30"        [_thread_blocked, id=10832, stack(0x0000003074500000,0x0000003074600000) (1024K)]
  0x0000013dfe4bfd50 JavaThread "Unconstrained build operations Thread 31"        [_thread_blocked, id=34388, stack(0x0000003074600000,0x0000003074700000) (1024K)]
  0x0000013dfe4c5930 JavaThread "Unconstrained build operations Thread 32"        [_thread_blocked, id=32896, stack(0x0000003074700000,0x0000003074800000) (1024K)]
  0x0000013dfe4c52a0 JavaThread "Unconstrained build operations Thread 33"        [_thread_blocked, id=21848, stack(0x0000003074800000,0x0000003074900000) (1024K)]
  0x0000013dfe4c6650 JavaThread "Unconstrained build operations Thread 34"        [_thread_blocked, id=26616, stack(0x0000003074900000,0x0000003074a00000) (1024K)]
  0x0000013dfe4c4580 JavaThread "Unconstrained build operations Thread 35"        [_thread_blocked, id=7596, stack(0x0000003074a00000,0x0000003074b00000) (1024K)]
  0x0000013dfe4c5fc0 JavaThread "Unconstrained build operations Thread 36"        [_thread_blocked, id=2208, stack(0x0000003074b00000,0x0000003074c00000) (1024K)]
  0x0000013dfe4c6ce0 JavaThread "Unconstrained build operations Thread 37"        [_thread_blocked, id=30276, stack(0x0000003074c00000,0x0000003074d00000) (1024K)]
  0x0000013dfe4c3860 JavaThread "Unconstrained build operations Thread 38"        [_thread_blocked, id=26388, stack(0x0000003074d00000,0x0000003074e00000) (1024K)]
  0x0000013dfe4c7370 JavaThread "Unconstrained build operations Thread 39"        [_thread_blocked, id=26492, stack(0x0000003074e00000,0x0000003074f00000) (1024K)]
  0x0000013dfe4c4c10 JavaThread "Unconstrained build operations Thread 40"        [_thread_blocked, id=29824, stack(0x0000003074f00000,0x0000003075000000) (1024K)]
  0x0000013dfe4c3ef0 JavaThread "Unconstrained build operations Thread 41"        [_thread_blocked, id=18444, stack(0x0000003075000000,0x0000003075100000) (1024K)]
  0x0000013dfe4c7a00 JavaThread "Unconstrained build operations Thread 42"        [_thread_blocked, id=18252, stack(0x0000003075100000,0x0000003075200000) (1024K)]
  0x0000013dfe4ca160 JavaThread "Unconstrained build operations Thread 43"        [_thread_blocked, id=16860, stack(0x0000003075200000,0x0000003075300000) (1024K)]
  0x0000013dfe4ca7f0 JavaThread "Unconstrained build operations Thread 44"        [_thread_blocked, id=29836, stack(0x0000003075300000,0x0000003075400000) (1024K)]
  0x0000013dfe4cae80 JavaThread "Unconstrained build operations Thread 45"        [_thread_blocked, id=14432, stack(0x0000003075400000,0x0000003075500000) (1024K)]
  0x0000013dfe4c9440 JavaThread "Unconstrained build operations Thread 46"        [_thread_blocked, id=34764, stack(0x0000003075500000,0x0000003075600000) (1024K)]
  0x0000013dfe4cb510 JavaThread "Unconstrained build operations Thread 47"        [_thread_blocked, id=19168, stack(0x0000003075600000,0x0000003075700000) (1024K)]
  0x0000013dfe4c9ad0 JavaThread "Unconstrained build operations Thread 48"        [_thread_blocked, id=5704, stack(0x0000003075700000,0x0000003075800000) (1024K)]
  0x0000013dfe4c8090 JavaThread "Unconstrained build operations Thread 49"        [_thread_blocked, id=11892, stack(0x0000003075800000,0x0000003075900000) (1024K)]
  0x0000013dfe4cbba0 JavaThread "Unconstrained build operations Thread 50"        [_thread_blocked, id=23820, stack(0x0000003075900000,0x0000003075a00000) (1024K)]
  0x0000013dfe4c8720 JavaThread "Unconstrained build operations Thread 51"        [_thread_blocked, id=24844, stack(0x0000003075a00000,0x0000003075b00000) (1024K)]
  0x0000013dfe4cc230 JavaThread "Unconstrained build operations Thread 52"        [_thread_blocked, id=9864, stack(0x0000003075b00000,0x0000003075c00000) (1024K)]
  0x0000013dfe4cc8c0 JavaThread "Unconstrained build operations Thread 53"        [_thread_blocked, id=33892, stack(0x0000003075c00000,0x0000003075d00000) (1024K)]
  0x0000013dfe4ccf50 JavaThread "Unconstrained build operations Thread 54"        [_thread_blocked, id=34012, stack(0x0000003075f00000,0x0000003076000000) (1024K)]
  0x0000013dfe4cd5e0 JavaThread "Unconstrained build operations Thread 55"        [_thread_blocked, id=24112, stack(0x0000003076000000,0x0000003076100000) (1024K)]
  0x0000013dfe4cdc70 JavaThread "Unconstrained build operations Thread 56"        [_thread_blocked, id=26656, stack(0x0000003076100000,0x0000003076200000) (1024K)]
  0x0000013dfe4ce300 JavaThread "Unconstrained build operations Thread 57"        [_thread_blocked, id=28256, stack(0x0000003076200000,0x0000003076300000) (1024K)]
  0x0000013df9fbf4a0 JavaThread "Unconstrained build operations Thread 58"        [_thread_blocked, id=25796, stack(0x0000003076300000,0x0000003076400000) (1024K)]
  0x0000013df9fc01c0 JavaThread "Unconstrained build operations Thread 59"        [_thread_blocked, id=15764, stack(0x0000003076400000,0x0000003076500000) (1024K)]
  0x0000013df9fbfb30 JavaThread "Unconstrained build operations Thread 60"        [_thread_blocked, id=25240, stack(0x0000003076500000,0x0000003076600000) (1024K)]
  0x0000013df9fbe780 JavaThread "Unconstrained build operations Thread 61"        [_thread_blocked, id=5488, stack(0x0000003076600000,0x0000003076700000) (1024K)]
  0x0000013df9fc1570 JavaThread "Unconstrained build operations Thread 62"        [_thread_blocked, id=22368, stack(0x0000003076700000,0x0000003076800000) (1024K)]
  0x0000013df9fc0850 JavaThread "Unconstrained build operations Thread 63"        [_thread_blocked, id=16928, stack(0x0000003076800000,0x0000003076900000) (1024K)]
  0x0000013df9fc2290 JavaThread "Unconstrained build operations Thread 64"        [_thread_blocked, id=25488, stack(0x0000003076900000,0x0000003076a00000) (1024K)]
  0x0000013df9fc0ee0 JavaThread "Unconstrained build operations Thread 65"        [_thread_blocked, id=19472, stack(0x0000003076a00000,0x0000003076b00000) (1024K)]
  0x0000013df9fc1c00 JavaThread "Unconstrained build operations Thread 66"        [_thread_blocked, id=5380, stack(0x0000003076b00000,0x0000003076c00000) (1024K)]
  0x0000013df9fbee10 JavaThread "Unconstrained build operations Thread 67"        [_thread_blocked, id=936, stack(0x0000003076c00000,0x0000003076d00000) (1024K)]
  0x0000013df9fc2fb0 JavaThread "Unconstrained build operations Thread 68"        [_thread_blocked, id=9300, stack(0x0000003076d00000,0x0000003076e00000) (1024K)]
  0x0000013dc268c3e0 JavaThread "Unconstrained build operations Thread 69"        [_thread_blocked, id=30948, stack(0x000000306fe00000,0x000000306ff00000) (1024K)]
  0x0000013dc268ca70 JavaThread "Unconstrained build operations Thread 70"        [_thread_blocked, id=33996, stack(0x0000003075e00000,0x0000003075f00000) (1024K)]
  0x0000013dc26895f0 JavaThread "Unconstrained build operations Thread 71"        [_thread_blocked, id=4532, stack(0x0000003076e00000,0x0000003076f00000) (1024K)]
  0x0000013dc268d790 JavaThread "Unconstrained build operations Thread 72"        [_thread_blocked, id=520, stack(0x0000003076f00000,0x0000003077000000) (1024K)]
  0x0000013dc268a310 JavaThread "Unconstrained build operations Thread 73"        [_thread_blocked, id=31740, stack(0x0000003077000000,0x0000003077100000) (1024K)]
  0x0000013dc268de20 JavaThread "Unconstrained build operations Thread 74"        [_thread_blocked, id=26604, stack(0x0000003077100000,0x0000003077200000) (1024K)]
  0x0000013dc268f860 JavaThread "Unconstrained build operations Thread 75"        [_thread_blocked, id=4556, stack(0x0000003077200000,0x0000003077300000) (1024K)]
  0x0000013dc2690580 JavaThread "Unconstrained build operations Thread 76"        [_thread_blocked, id=13068, stack(0x0000003077300000,0x0000003077400000) (1024K)]
  0x0000013dc268fef0 JavaThread "Unconstrained build operations Thread 77"        [_thread_blocked, id=35352, stack(0x0000003077400000,0x0000003077500000) (1024K)]
  0x0000013dc268eb40 JavaThread "Unconstrained build operations Thread 78"        [_thread_blocked, id=20624, stack(0x0000003077500000,0x0000003077600000) (1024K)]
  0x0000013dc268e4b0 JavaThread "Unconstrained build operations Thread 79"        [_thread_blocked, id=35052, stack(0x0000003077600000,0x0000003077700000) (1024K)]
  0x0000013dc268f1d0 JavaThread "Unconstrained build operations Thread 80"        [_thread_blocked, id=11432, stack(0x0000003077700000,0x0000003077800000) (1024K)]
  0x0000013dfe09a940 JavaThread "Unconstrained build operations Thread 81"        [_thread_blocked, id=21004, stack(0x0000003077800000,0x0000003077900000) (1024K)]
  0x0000013dfe0a0bb0 JavaThread "Unconstrained build operations Thread 82"        [_thread_blocked, id=22684, stack(0x0000003077900000,0x0000003077a00000) (1024K)]
  0x0000013dfe0a1240 JavaThread "Unconstrained build operations Thread 83"        [_thread_blocked, id=9744, stack(0x0000003077a00000,0x0000003077b00000) (1024K)]
  0x0000013dfe0a18d0 JavaThread "Unconstrained build operations Thread 84"        [_thread_blocked, id=15676, stack(0x0000003077b00000,0x0000003077c00000) (1024K)]
  0x0000013dfe09eae0 JavaThread "Unconstrained build operations Thread 85"        [_thread_blocked, id=27584, stack(0x0000003077c00000,0x0000003077d00000) (1024K)]
  0x0000013dfa4eaff0 JavaThread "Unconstrained build operations Thread 86"        [_thread_blocked, id=9548, stack(0x0000003077d00000,0x0000003077e00000) (1024K)]
  0x0000013dfa4e8f20 JavaThread "Unconstrained build operations Thread 87"        [_thread_blocked, id=21980, stack(0x0000003077e00000,0x0000003077f00000) (1024K)]
  0x0000013dfa4ecda0 JavaThread "Problems report writer"            [_thread_blocked, id=23412, stack(0x0000003078000000,0x0000003078100000) (1024K)]
  0x0000013dfa4f43c0 JavaThread "Memory manager"                    [_thread_blocked, id=37504, stack(0x0000003078100000,0x0000003078200000) (1024K)]
  0x0000013dfa4f3010 JavaThread "build event listener"              [_thread_blocked, id=36692, stack(0x0000003078400000,0x0000003078500000) (1024K)]
  0x0000013dc2ee1e10 JavaThread "C1 CompilerThread1"         daemon [_thread_blocked, id=15260, stack(0x000000306e900000,0x000000306ea00000) (1024K)]
  0x0000013dfc8fcd90 JavaThread "C2 CompilerThread1"         daemon [_thread_in_native, id=38216, stack(0x000000306e800000,0x000000306e900000) (1024K)]
Total: 125

Other Threads:
  0x0000013df08e7df0 VMThread "VM Thread"                           [id=15880, stack(0x000000306f200000,0x000000306f300000) (1024K)]
  0x0000013df17919e0 WatcherThread "VM Periodic Task Thread"        [id=13372, stack(0x000000306f100000,0x000000306f200000) (1024K)]
  0x0000013dd3ac05d0 WorkerThread "GC Thread#0"                     [id=19084, stack(0x000000306ec00000,0x000000306ed00000) (1024K)]
  0x0000013df1b0bf30 WorkerThread "GC Thread#1"                     [id=27384, stack(0x0000003070100000,0x0000003070200000) (1024K)]
  0x0000013df1b0c2d0 WorkerThread "GC Thread#2"                     [id=13792, stack(0x0000003070200000,0x0000003070300000) (1024K)]
  0x0000013df609d1e0 WorkerThread "GC Thread#3"                     [id=20656, stack(0x0000003070300000,0x0000003070400000) (1024K)]
  0x0000013df61b74d0 WorkerThread "GC Thread#4"                     [id=16604, stack(0x0000003070400000,0x0000003070500000) (1024K)]
  0x0000013df61b7870 WorkerThread "GC Thread#5"                     [id=17548, stack(0x0000003070500000,0x0000003070600000) (1024K)]
  0x0000013df61b7c10 WorkerThread "GC Thread#6"                     [id=18356, stack(0x0000003071400000,0x0000003071500000) (1024K)]
  0x0000013df61b7fb0 WorkerThread "GC Thread#7"                     [id=26148, stack(0x0000003071500000,0x0000003071600000) (1024K)]
  0x0000013df989fa50 WorkerThread "GC Thread#8"                     [id=26472, stack(0x0000003071600000,0x0000003071700000) (1024K)]
  0x0000013df98a2230 WorkerThread "GC Thread#9"                     [id=29432, stack(0x0000003071700000,0x0000003071800000) (1024K)]
  0x0000013df98a13b0 WorkerThread "GC Thread#10"                    [id=35236, stack(0x0000003071800000,0x0000003071900000) (1024K)]
  0x0000013df98a1750 WorkerThread "GC Thread#11"                    [id=3516, stack(0x0000003071900000,0x0000003071a00000) (1024K)]
  0x0000013df98a1af0 WorkerThread "GC Thread#12"                    [id=5288, stack(0x0000003071a00000,0x0000003071b00000) (1024K)]
  0x0000013df98a1e90 WorkerThread "GC Thread#13"                    [id=17664, stack(0x0000003071b00000,0x0000003071c00000) (1024K)]
  0x0000013df989f6b0 WorkerThread "GC Thread#14"                    [id=34656, stack(0x0000003071c00000,0x0000003071d00000) (1024K)]
  0x0000013dd176bf80 ConcurrentGCThread "G1 Main Marker"            [id=9260, stack(0x000000306ed00000,0x000000306ee00000) (1024K)]
  0x0000013dd176d810 WorkerThread "G1 Conc#0"                       [id=18240, stack(0x000000306ee00000,0x000000306ef00000) (1024K)]
  0x0000013df98a25d0 WorkerThread "G1 Conc#1"                       [id=23356, stack(0x0000003071d00000,0x0000003071e00000) (1024K)]
  0x0000013df98a2970 WorkerThread "G1 Conc#2"                       [id=27248, stack(0x0000003071e00000,0x0000003071f00000) (1024K)]
  0x0000013df989fdf0 WorkerThread "G1 Conc#3"                       [id=27352, stack(0x0000003071f00000,0x0000003072000000) (1024K)]
  0x0000013df0825e40 ConcurrentGCThread "G1 Refine#0"               [id=26504, stack(0x000000306ef00000,0x000000306f000000) (1024K)]
  0x0000013df0826660 ConcurrentGCThread "G1 Service"                [id=35340, stack(0x000000306f000000,0x000000306f100000) (1024K)]
Total: 24

Threads with active compile tasks:
C2 CompilerThread0  76173 35185   !   4       com.google.common.reflect.TypeVisitor::visit (225 bytes)
C1 CompilerThread0  76173 35311       3       java.beans.FeatureDescriptor::getParameterTypes (21 bytes)
C1 CompilerThread1  76173 35312       3       com.sun.beans.TypeResolver::resolveInClass (9 bytes)
C2 CompilerThread1  76173 35289       4       org.gradle.internal.instantiation.generator.AbstractClassGenerator::isAttachProperty (34 bytes)
Total: 4

VM state: not at safepoint (normal execution)

VM Mutex/Monitor currently owned by a thread: None

Heap address: 0x0000000080000000, size: 2048 MB, Compressed Oops mode: 32-bit

CDS archive(s) mapped at: [0x0000013d80000000-0x0000013d80c80000-0x0000013d80c80000), size 13107200, SharedBaseAddress: 0x0000013d80000000, ArchiveRelocationMode: 1.
Compressed class space mapped at: 0x0000013d81000000-0x0000013dc1000000, reserved size: 1073741824
Narrow klass base: 0x0000013d80000000, Narrow klass shift: 0, Narrow klass range: 0x100000000

GC Precious Log:
 CardTable entry size: 512
 Card Set container configuration: InlinePtr #cards 5 size 8 Array Of Cards #cards 12 size 40 Howl #buckets 4 coarsen threshold 1843 Howl Bitmap #cards 512 size 80 coarsen threshold 460 Card regions per heap region 1 cards per card region 2048
 CPUs: 20 total, 20 available
 Memory: 16013M
 Large Page Support: Disabled
 NUMA Support: Disabled
 Compressed Oops: Enabled (32-bit)
 Heap Region Size: 1M
 Heap Min Capacity: 8M
 Heap Initial Capacity: 252M
 Heap Max Capacity: 2G
 Pre-touch: Disabled
 Parallel Workers: 15
 Concurrent Workers: 4
 Concurrent Refinement Workers: 15
 Periodic GC: Disabled

Heap:
 garbage-first heap   total 445440K, used 253826K [0x0000000080000000, 0x0000000100000000)
  region size 1024K, 79 young (80896K), 4 survivors (4096K)
 Metaspace       used 177912K, committed 180352K, reserved 1245184K
  class space    used 21999K, committed 23232K, reserved 1048576K

Heap Regions: E=young(eden), S=young(survivor), O=old, HS=humongous(starts), HC=humongous(continues), CS=collection set, F=free, TAMS=top-at-mark-start, PB=parsable bottom
|   0|0x0000000080000000, 0x0000000080100000, 0x0000000080100000|100%|HS|  |TAMS 0x0000000080000000| PB 0x0000000080000000| Complete 
|   1|0x0000000080100000, 0x0000000080200000, 0x0000000080200000|100%|HC|  |TAMS 0x0000000080100000| PB 0x0000000080100000| Complete 
|   2|0x0000000080200000, 0x0000000080300000, 0x0000000080300000|100%|HC|  |TAMS 0x0000000080200000| PB 0x0000000080200000| Complete 
|   3|0x0000000080300000, 0x0000000080400000, 0x0000000080400000|100%|HC|  |TAMS 0x0000000080300000| PB 0x0000000080300000| Complete 
|   4|0x0000000080400000, 0x0000000080500000, 0x0000000080500000|100%| O|  |TAMS 0x0000000080400000| PB 0x0000000080400000| Untracked 
|   5|0x0000000080500000, 0x0000000080600000, 0x0000000080600000|100%| O|  |TAMS 0x0000000080500000| PB 0x0000000080500000| Untracked 
|   6|0x0000000080600000, 0x0000000080700000, 0x0000000080700000|100%| O|  |TAMS 0x0000000080600000| PB 0x0000000080600000| Untracked 
|   7|0x0000000080700000, 0x0000000080800000, 0x0000000080800000|100%|HS|  |TAMS 0x0000000080700000| PB 0x0000000080700000| Complete 
|   8|0x0000000080800000, 0x0000000080900000, 0x0000000080900000|100%| O|  |TAMS 0x0000000080800000| PB 0x0000000080800000| Untracked 
|   9|0x0000000080900000, 0x0000000080a00000, 0x0000000080a00000|100%| O|  |TAMS 0x0000000080900000| PB 0x0000000080900000| Untracked 
|  10|0x0000000080a00000, 0x0000000080b00000, 0x0000000080b00000|100%| O|  |TAMS 0x0000000080a00000| PB 0x0000000080a00000| Untracked 
|  11|0x0000000080b00000, 0x0000000080c00000, 0x0000000080c00000|100%| O|  |TAMS 0x0000000080b00000| PB 0x0000000080b00000| Untracked 
|  12|0x0000000080c00000, 0x0000000080d00000, 0x0000000080d00000|100%| O|  |TAMS 0x0000000080c00000| PB 0x0000000080c00000| Untracked 
|  13|0x0000000080d00000, 0x0000000080e00000, 0x0000000080e00000|100%| O|  |TAMS 0x0000000080d00000| PB 0x0000000080d00000| Untracked 
|  14|0x0000000080e00000, 0x0000000080f00000, 0x0000000080f00000|100%| O|  |TAMS 0x0000000080e00000| PB 0x0000000080e00000| Untracked 
|  15|0x0000000080f00000, 0x0000000081000000, 0x0000000081000000|100%| O|  |TAMS 0x0000000080f00000| PB 0x0000000080f00000| Untracked 
|  16|0x0000000081000000, 0x0000000081100000, 0x0000000081100000|100%| O|  |TAMS 0x0000000081000000| PB 0x0000000081000000| Untracked 
|  17|0x0000000081100000, 0x0000000081200000, 0x0000000081200000|100%| O|  |TAMS 0x0000000081100000| PB 0x0000000081100000| Untracked 
|  18|0x0000000081200000, 0x0000000081300000, 0x0000000081300000|100%| O|  |TAMS 0x0000000081200000| PB 0x0000000081200000| Untracked 
|  19|0x0000000081300000, 0x0000000081400000, 0x0000000081400000|100%| O|  |TAMS 0x0000000081300000| PB 0x0000000081300000| Untracked 
|  20|0x0000000081400000, 0x0000000081500000, 0x0000000081500000|100%| O|  |TAMS 0x0000000081400000| PB 0x0000000081400000| Untracked 
|  21|0x0000000081500000, 0x0000000081600000, 0x0000000081600000|100%| O|  |TAMS 0x0000000081500000| PB 0x0000000081500000| Untracked 
|  22|0x0000000081600000, 0x0000000081700000, 0x0000000081700000|100%| O|  |TAMS 0x0000000081600000| PB 0x0000000081600000| Untracked 
|  23|0x0000000081700000, 0x0000000081800000, 0x0000000081800000|100%| O|  |TAMS 0x0000000081700000| PB 0x0000000081700000| Untracked 
|  24|0x0000000081800000, 0x0000000081900000, 0x0000000081900000|100%| O|  |TAMS 0x0000000081800000| PB 0x0000000081800000| Untracked 
|  25|0x0000000081900000, 0x0000000081a00000, 0x0000000081a00000|100%| O|  |TAMS 0x0000000081900000| PB 0x0000000081900000| Untracked 
|  26|0x0000000081a00000, 0x0000000081b00000, 0x0000000081b00000|100%| O|  |TAMS 0x0000000081a00000| PB 0x0000000081a00000| Untracked 
|  27|0x0000000081b00000, 0x0000000081c00000, 0x0000000081c00000|100%| O|  |TAMS 0x0000000081b00000| PB 0x0000000081b00000| Untracked 
|  28|0x0000000081c00000, 0x0000000081d00000, 0x0000000081d00000|100%| O|  |TAMS 0x0000000081c00000| PB 0x0000000081c00000| Untracked 
|  29|0x0000000081d00000, 0x0000000081e00000, 0x0000000081e00000|100%| O|  |TAMS 0x0000000081d00000| PB 0x0000000081d00000| Untracked 
|  30|0x0000000081e00000, 0x0000000081f00000, 0x0000000081f00000|100%| O|  |TAMS 0x0000000081e00000| PB 0x0000000081e00000| Untracked 
|  31|0x0000000081f00000, 0x0000000082000000, 0x0000000082000000|100%| O|  |TAMS 0x0000000081f00000| PB 0x0000000081f00000| Untracked 
|  32|0x0000000082000000, 0x0000000082100000, 0x0000000082100000|100%| O|  |TAMS 0x0000000082000000| PB 0x0000000082000000| Untracked 
|  33|0x0000000082100000, 0x0000000082200000, 0x0000000082200000|100%|HS|  |TAMS 0x0000000082100000| PB 0x0000000082100000| Complete 
|  34|0x0000000082200000, 0x0000000082300000, 0x0000000082300000|100%| O|  |TAMS 0x0000000082200000| PB 0x0000000082200000| Untracked 
|  35|0x0000000082300000, 0x0000000082400000, 0x0000000082400000|100%| O|  |TAMS 0x0000000082300000| PB 0x0000000082300000| Untracked 
|  36|0x0000000082400000, 0x0000000082500000, 0x0000000082500000|100%| O|  |TAMS 0x0000000082400000| PB 0x0000000082400000| Untracked 
|  37|0x0000000082500000, 0x0000000082600000, 0x0000000082600000|100%| O|  |TAMS 0x0000000082500000| PB 0x0000000082500000| Untracked 
|  38|0x0000000082600000, 0x0000000082700000, 0x0000000082700000|100%| O|  |TAMS 0x0000000082600000| PB 0x0000000082600000| Untracked 
|  39|0x0000000082700000, 0x0000000082800000, 0x0000000082800000|100%| O|  |TAMS 0x0000000082700000| PB 0x0000000082700000| Untracked 
|  40|0x0000000082800000, 0x0000000082900000, 0x0000000082900000|100%| O|  |TAMS 0x0000000082800000| PB 0x0000000082800000| Untracked 
|  41|0x0000000082900000, 0x0000000082a00000, 0x0000000082a00000|100%| O|  |TAMS 0x0000000082900000| PB 0x0000000082900000| Untracked 
|  42|0x0000000082a00000, 0x0000000082b00000, 0x0000000082b00000|100%| O|  |TAMS 0x0000000082a00000| PB 0x0000000082a00000| Untracked 
|  43|0x0000000082b00000, 0x0000000082c00000, 0x0000000082c00000|100%| O|  |TAMS 0x0000000082b00000| PB 0x0000000082b00000| Untracked 
|  44|0x0000000082c00000, 0x0000000082d00000, 0x0000000082d00000|100%| O|  |TAMS 0x0000000082c00000| PB 0x0000000082c00000| Untracked 
|  45|0x0000000082d00000, 0x0000000082e00000, 0x0000000082e00000|100%| O|  |TAMS 0x0000000082d00000| PB 0x0000000082d00000| Untracked 
|  46|0x0000000082e00000, 0x0000000082f00000, 0x0000000082f00000|100%| O|  |TAMS 0x0000000082e00000| PB 0x0000000082e00000| Untracked 
|  47|0x0000000082f00000, 0x0000000083000000, 0x0000000083000000|100%| O|  |TAMS 0x0000000082f00000| PB 0x0000000082f00000| Untracked 
|  48|0x0000000083000000, 0x0000000083100000, 0x0000000083100000|100%| O|  |TAMS 0x0000000083000000| PB 0x0000000083000000| Untracked 
|  49|0x0000000083100000, 0x0000000083200000, 0x0000000083200000|100%| O|  |TAMS 0x0000000083100000| PB 0x0000000083100000| Untracked 
|  50|0x0000000083200000, 0x0000000083300000, 0x0000000083300000|100%| O|  |TAMS 0x0000000083200000| PB 0x0000000083200000| Untracked 
|  51|0x0000000083300000, 0x0000000083400000, 0x0000000083400000|100%| O|  |TAMS 0x0000000083300000| PB 0x0000000083300000| Untracked 
|  52|0x0000000083400000, 0x0000000083500000, 0x0000000083500000|100%| O|  |TAMS 0x0000000083400000| PB 0x0000000083400000| Untracked 
|  53|0x0000000083500000, 0x0000000083600000, 0x0000000083600000|100%| O|  |TAMS 0x0000000083500000| PB 0x0000000083500000| Untracked 
|  54|0x0000000083600000, 0x0000000083700000, 0x0000000083700000|100%| O|  |TAMS 0x0000000083600000| PB 0x0000000083600000| Untracked 
|  55|0x0000000083700000, 0x0000000083800000, 0x0000000083800000|100%| O|  |TAMS 0x0000000083700000| PB 0x0000000083700000| Untracked 
|  56|0x0000000083800000, 0x0000000083900000, 0x0000000083900000|100%| O|  |TAMS 0x0000000083800000| PB 0x0000000083800000| Untracked 
|  57|0x0000000083900000, 0x0000000083a00000, 0x0000000083a00000|100%|HS|  |TAMS 0x0000000083900000| PB 0x0000000083900000| Complete 
|  58|0x0000000083a00000, 0x0000000083b00000, 0x0000000083b00000|100%| O|  |TAMS 0x0000000083a00000| PB 0x0000000083a00000| Untracked 
|  59|0x0000000083b00000, 0x0000000083c00000, 0x0000000083c00000|100%| O|  |TAMS 0x0000000083b00000| PB 0x0000000083b00000| Untracked 
|  60|0x0000000083c00000, 0x0000000083d00000, 0x0000000083d00000|100%| O|  |TAMS 0x0000000083c00000| PB 0x0000000083c00000| Untracked 
|  61|0x0000000083d00000, 0x0000000083e00000, 0x0000000083e00000|100%| O|  |TAMS 0x0000000083d00000| PB 0x0000000083d00000| Untracked 
|  62|0x0000000083e00000, 0x0000000083f00000, 0x0000000083f00000|100%| O|  |TAMS 0x0000000083e00000| PB 0x0000000083e00000| Untracked 
|  63|0x0000000083f00000, 0x0000000084000000, 0x0000000084000000|100%| O|  |TAMS 0x0000000083f00000| PB 0x0000000083f00000| Untracked 
|  64|0x0000000084000000, 0x0000000084100000, 0x0000000084100000|100%| O|  |TAMS 0x0000000084000000| PB 0x0000000084000000| Untracked 
|  65|0x0000000084100000, 0x0000000084200000, 0x0000000084200000|100%|HS|  |TAMS 0x0000000084100000| PB 0x0000000084100000| Complete 
|  66|0x0000000084200000, 0x0000000084300000, 0x0000000084300000|100%| O|  |TAMS 0x0000000084200000| PB 0x0000000084200000| Untracked 
|  67|0x0000000084300000, 0x0000000084400000, 0x0000000084400000|100%| O|  |TAMS 0x0000000084300000| PB 0x0000000084300000| Untracked 
|  68|0x0000000084400000, 0x0000000084500000, 0x0000000084500000|100%| O|  |TAMS 0x0000000084400000| PB 0x0000000084400000| Untracked 
|  69|0x0000000084500000, 0x0000000084600000, 0x0000000084600000|100%| O|  |TAMS 0x0000000084500000| PB 0x0000000084500000| Untracked 
|  70|0x0000000084600000, 0x0000000084700000, 0x0000000084700000|100%| O|  |TAMS 0x0000000084600000| PB 0x0000000084600000| Untracked 
|  71|0x0000000084700000, 0x0000000084800000, 0x0000000084800000|100%| O|  |TAMS 0x0000000084700000| PB 0x0000000084700000| Untracked 
|  72|0x0000000084800000, 0x0000000084900000, 0x0000000084900000|100%| O|  |TAMS 0x0000000084800000| PB 0x0000000084800000| Untracked 
|  73|0x0000000084900000, 0x0000000084a00000, 0x0000000084a00000|100%| O|  |TAMS 0x0000000084900000| PB 0x0000000084900000| Untracked 
|  74|0x0000000084a00000, 0x0000000084b00000, 0x0000000084b00000|100%| O|  |TAMS 0x0000000084a00000| PB 0x0000000084a00000| Untracked 
|  75|0x0000000084b00000, 0x0000000084c00000, 0x0000000084c00000|100%| O|  |TAMS 0x0000000084b00000| PB 0x0000000084b00000| Untracked 
|  76|0x0000000084c00000, 0x0000000084d00000, 0x0000000084d00000|100%| O|  |TAMS 0x0000000084c00000| PB 0x0000000084c00000| Untracked 
|  77|0x0000000084d00000, 0x0000000084e00000, 0x0000000084e00000|100%| O|  |TAMS 0x0000000084d00000| PB 0x0000000084d00000| Untracked 
|  78|0x0000000084e00000, 0x0000000084f00000, 0x0000000084f00000|100%| O|  |TAMS 0x0000000084e00000| PB 0x0000000084e00000| Untracked 
|  79|0x0000000084f00000, 0x0000000085000000, 0x0000000085000000|100%| O|  |TAMS 0x0000000084f00000| PB 0x0000000084f00000| Untracked 
|  80|0x0000000085000000, 0x0000000085100000, 0x0000000085100000|100%| O|  |TAMS 0x0000000085000000| PB 0x0000000085000000| Untracked 
|  81|0x0000000085100000, 0x0000000085200000, 0x0000000085200000|100%| O|  |TAMS 0x0000000085100000| PB 0x0000000085100000| Untracked 
|  82|0x0000000085200000, 0x0000000085300000, 0x0000000085300000|100%| O|  |TAMS 0x0000000085200000| PB 0x0000000085200000| Untracked 
|  83|0x0000000085300000, 0x0000000085400000, 0x0000000085400000|100%| O|  |TAMS 0x0000000085300000| PB 0x0000000085300000| Untracked 
|  84|0x0000000085400000, 0x0000000085500000, 0x0000000085500000|100%| O|  |TAMS 0x0000000085400000| PB 0x0000000085400000| Untracked 
|  85|0x0000000085500000, 0x0000000085600000, 0x0000000085600000|100%| O|  |TAMS 0x0000000085500000| PB 0x0000000085500000| Untracked 
|  86|0x0000000085600000, 0x0000000085700000, 0x0000000085700000|100%| O|  |TAMS 0x0000000085600000| PB 0x0000000085600000| Untracked 
|  87|0x0000000085700000, 0x0000000085800000, 0x0000000085800000|100%| O|  |TAMS 0x0000000085700000| PB 0x0000000085700000| Untracked 
|  88|0x0000000085800000, 0x0000000085900000, 0x0000000085900000|100%| O|  |TAMS 0x0000000085800000| PB 0x0000000085800000| Untracked 
|  89|0x0000000085900000, 0x0000000085a00000, 0x0000000085a00000|100%| O|  |TAMS 0x0000000085900000| PB 0x0000000085900000| Untracked 
|  90|0x0000000085a00000, 0x0000000085b00000, 0x0000000085b00000|100%| O|  |TAMS 0x0000000085a00000| PB 0x0000000085a00000| Untracked 
|  91|0x0000000085b00000, 0x0000000085c00000, 0x0000000085c00000|100%| O|  |TAMS 0x0000000085b00000| PB 0x0000000085b00000| Untracked 
|  92|0x0000000085c00000, 0x0000000085d00000, 0x0000000085d00000|100%| O|  |TAMS 0x0000000085c00000| PB 0x0000000085c00000| Untracked 
|  93|0x0000000085d00000, 0x0000000085e00000, 0x0000000085e00000|100%| O|  |TAMS 0x0000000085d00000| PB 0x0000000085d00000| Untracked 
|  94|0x0000000085e00000, 0x0000000085f00000, 0x0000000085f00000|100%| O|  |TAMS 0x0000000085e00000| PB 0x0000000085e00000| Untracked 
|  95|0x0000000085f00000, 0x0000000086000000, 0x0000000086000000|100%| O|  |TAMS 0x0000000085f00000| PB 0x0000000085f00000| Untracked 
|  96|0x0000000086000000, 0x0000000086100000, 0x0000000086100000|100%| O|  |TAMS 0x0000000086000000| PB 0x0000000086000000| Untracked 
|  97|0x0000000086100000, 0x0000000086200000, 0x0000000086200000|100%| O|  |TAMS 0x0000000086100000| PB 0x0000000086100000| Untracked 
|  98|0x0000000086200000, 0x0000000086300000, 0x0000000086300000|100%| O|  |TAMS 0x0000000086200000| PB 0x0000000086200000| Untracked 
|  99|0x0000000086300000, 0x0000000086300000, 0x0000000086400000|  0%| F|  |TAMS 0x0000000086300000| PB 0x0000000086300000| Untracked 
| 100|0x0000000086400000, 0x0000000086500000, 0x0000000086500000|100%| O|  |TAMS 0x0000000086400000| PB 0x0000000086400000| Untracked 
| 101|0x0000000086500000, 0x0000000086500000, 0x0000000086600000|  0%| F|  |TAMS 0x0000000086500000| PB 0x0000000086500000| Untracked 
| 102|0x0000000086600000, 0x0000000086700000, 0x0000000086700000|100%| O|  |TAMS 0x0000000086600000| PB 0x0000000086600000| Untracked 
| 103|0x0000000086700000, 0x0000000086800000, 0x0000000086800000|100%| O|  |TAMS 0x0000000086700000| PB 0x0000000086700000| Untracked 
| 104|0x0000000086800000, 0x0000000086900000, 0x0000000086900000|100%| O|  |TAMS 0x0000000086800000| PB 0x0000000086800000| Untracked 
| 105|0x0000000086900000, 0x0000000086a00000, 0x0000000086a00000|100%| O|  |TAMS 0x0000000086900000| PB 0x0000000086900000| Untracked 
| 106|0x0000000086a00000, 0x0000000086b00000, 0x0000000086b00000|100%|HS|  |TAMS 0x0000000086a00000| PB 0x0000000086a00000| Complete 
| 107|0x0000000086b00000, 0x0000000086c00000, 0x0000000086c00000|100%|HS|  |TAMS 0x0000000086b00000| PB 0x0000000086b00000| Complete 
| 108|0x0000000086c00000, 0x0000000086d00000, 0x0000000086d00000|100%|HC|  |TAMS 0x0000000086c00000| PB 0x0000000086c00000| Complete 
| 109|0x0000000086d00000, 0x0000000086e00000, 0x0000000086e00000|100%| O|  |TAMS 0x0000000086d00000| PB 0x0000000086d00000| Untracked 
| 110|0x0000000086e00000, 0x0000000086f00000, 0x0000000086f00000|100%| O|  |TAMS 0x0000000086e00000| PB 0x0000000086e00000| Untracked 
| 111|0x0000000086f00000, 0x0000000087000000, 0x0000000087000000|100%|HS|  |TAMS 0x0000000086f00000| PB 0x0000000086f00000| Complete 
| 112|0x0000000087000000, 0x0000000087100000, 0x0000000087100000|100%| O|  |TAMS 0x0000000087000000| PB 0x0000000087000000| Untracked 
| 113|0x0000000087100000, 0x0000000087200000, 0x0000000087200000|100%| O|  |TAMS 0x0000000087100000| PB 0x0000000087100000| Untracked 
| 114|0x0000000087200000, 0x0000000087300000, 0x0000000087300000|100%| O|  |TAMS 0x0000000087200000| PB 0x0000000087200000| Untracked 
| 115|0x0000000087300000, 0x0000000087400000, 0x0000000087400000|100%| O|  |TAMS 0x0000000087300000| PB 0x0000000087300000| Untracked 
| 116|0x0000000087400000, 0x0000000087500000, 0x0000000087500000|100%| O|  |TAMS 0x0000000087400000| PB 0x0000000087400000| Untracked 
| 117|0x0000000087500000, 0x0000000087600000, 0x0000000087600000|100%| O|  |TAMS 0x0000000087500000| PB 0x0000000087500000| Untracked 
| 118|0x0000000087600000, 0x0000000087700000, 0x0000000087700000|100%| O|  |TAMS 0x0000000087600000| PB 0x0000000087600000| Untracked 
| 119|0x0000000087700000, 0x0000000087800000, 0x0000000087800000|100%| O|  |TAMS 0x0000000087700000| PB 0x0000000087700000| Untracked 
| 120|0x0000000087800000, 0x0000000087900000, 0x0000000087900000|100%| O|  |TAMS 0x0000000087800000| PB 0x0000000087800000| Untracked 
| 121|0x0000000087900000, 0x0000000087a00000, 0x0000000087a00000|100%| O|  |TAMS 0x0000000087900000| PB 0x0000000087900000| Untracked 
| 122|0x0000000087a00000, 0x0000000087a00000, 0x0000000087b00000|  0%| F|  |TAMS 0x0000000087a00000| PB 0x0000000087a00000| Untracked 
| 123|0x0000000087b00000, 0x0000000087c00000, 0x0000000087c00000|100%|HS|  |TAMS 0x0000000087b00000| PB 0x0000000087b00000| Complete 
| 124|0x0000000087c00000, 0x0000000087d00000, 0x0000000087d00000|100%| O|  |TAMS 0x0000000087c00000| PB 0x0000000087c00000| Untracked 
| 125|0x0000000087d00000, 0x0000000087e00000, 0x0000000087e00000|100%| O|  |TAMS 0x0000000087d00000| PB 0x0000000087d00000| Untracked 
| 126|0x0000000087e00000, 0x0000000087f00000, 0x0000000087f00000|100%| O|  |TAMS 0x0000000087e00000| PB 0x0000000087e00000| Untracked 
| 127|0x0000000087f00000, 0x0000000088000000, 0x0000000088000000|100%|HS|  |TAMS 0x0000000087f00000| PB 0x0000000087f00000| Complete 
| 128|0x0000000088000000, 0x0000000088100000, 0x0000000088100000|100%|HC|  |TAMS 0x0000000088000000| PB 0x0000000088000000| Complete 
| 129|0x0000000088100000, 0x0000000088200000, 0x0000000088200000|100%| O|  |TAMS 0x0000000088100000| PB 0x0000000088100000| Untracked 
| 130|0x0000000088200000, 0x0000000088300000, 0x0000000088300000|100%|HS|  |TAMS 0x0000000088200000| PB 0x0000000088200000| Complete 
| 131|0x0000000088300000, 0x0000000088400000, 0x0000000088400000|100%|HC|  |TAMS 0x0000000088300000| PB 0x0000000088300000| Complete 
| 132|0x0000000088400000, 0x0000000088500000, 0x0000000088500000|100%|HC|  |TAMS 0x0000000088400000| PB 0x0000000088400000| Complete 
| 133|0x0000000088500000, 0x0000000088600000, 0x0000000088600000|100%| O|  |TAMS 0x0000000088500000| PB 0x0000000088500000| Untracked 
| 134|0x0000000088600000, 0x0000000088700000, 0x0000000088700000|100%|HS|  |TAMS 0x0000000088600000| PB 0x0000000088600000| Complete 
| 135|0x0000000088700000, 0x0000000088800000, 0x0000000088800000|100%|HS|  |TAMS 0x0000000088700000| PB 0x0000000088700000| Complete 
| 136|0x0000000088800000, 0x0000000088900000, 0x0000000088900000|100%|HS|  |TAMS 0x0000000088800000| PB 0x0000000088800000| Complete 
| 137|0x0000000088900000, 0x0000000088a00000, 0x0000000088a00000|100%|HC|  |TAMS 0x0000000088900000| PB 0x0000000088900000| Complete 
| 138|0x0000000088a00000, 0x0000000088b00000, 0x0000000088b00000|100%|HC|  |TAMS 0x0000000088a00000| PB 0x0000000088a00000| Complete 
| 139|0x0000000088b00000, 0x0000000088c00000, 0x0000000088c00000|100%| O|  |TAMS 0x0000000088b00000| PB 0x0000000088b00000| Untracked 
| 140|0x0000000088c00000, 0x0000000088d00000, 0x0000000088d00000|100%| O|  |TAMS 0x0000000088c00000| PB 0x0000000088c00000| Untracked 
| 141|0x0000000088d00000, 0x0000000088e00000, 0x0000000088e00000|100%|HS|  |TAMS 0x0000000088d00000| PB 0x0000000088d00000| Complete 
| 142|0x0000000088e00000, 0x0000000088f00000, 0x0000000088f00000|100%| O|  |TAMS 0x0000000088e00000| PB 0x0000000088e00000| Untracked 
| 143|0x0000000088f00000, 0x0000000089000000, 0x0000000089000000|100%| O|  |TAMS 0x0000000088f00000| PB 0x0000000088f00000| Untracked 
| 144|0x0000000089000000, 0x0000000089100000, 0x0000000089100000|100%| O|  |TAMS 0x0000000089000000| PB 0x0000000089000000| Untracked 
| 145|0x0000000089100000, 0x0000000089200000, 0x0000000089200000|100%| O|  |TAMS 0x0000000089100000| PB 0x0000000089100000| Untracked 
| 146|0x0000000089200000, 0x0000000089300000, 0x0000000089300000|100%| O|  |TAMS 0x0000000089200000| PB 0x0000000089200000| Untracked 
| 147|0x0000000089300000, 0x0000000089300000, 0x0000000089400000|  0%| F|  |TAMS 0x0000000089300000| PB 0x0000000089300000| Untracked 
| 148|0x0000000089400000, 0x0000000089400000, 0x0000000089500000|  0%| F|  |TAMS 0x0000000089400000| PB 0x0000000089400000| Untracked 
| 149|0x0000000089500000, 0x0000000089500000, 0x0000000089600000|  0%| F|  |TAMS 0x0000000089500000| PB 0x0000000089500000| Untracked 
| 150|0x0000000089600000, 0x0000000089600000, 0x0000000089700000|  0%| F|  |TAMS 0x0000000089600000| PB 0x0000000089600000| Untracked 
| 151|0x0000000089700000, 0x0000000089700000, 0x0000000089800000|  0%| F|  |TAMS 0x0000000089700000| PB 0x0000000089700000| Untracked 
| 152|0x0000000089800000, 0x0000000089800000, 0x0000000089900000|  0%| F|  |TAMS 0x0000000089800000| PB 0x0000000089800000| Untracked 
| 153|0x0000000089900000, 0x0000000089900000, 0x0000000089a00000|  0%| F|  |TAMS 0x0000000089900000| PB 0x0000000089900000| Untracked 
| 154|0x0000000089a00000, 0x0000000089a00000, 0x0000000089b00000|  0%| F|  |TAMS 0x0000000089a00000| PB 0x0000000089a00000| Untracked 
| 155|0x0000000089b00000, 0x0000000089b00000, 0x0000000089c00000|  0%| F|  |TAMS 0x0000000089b00000| PB 0x0000000089b00000| Untracked 
| 156|0x0000000089c00000, 0x0000000089c00000, 0x0000000089d00000|  0%| F|  |TAMS 0x0000000089c00000| PB 0x0000000089c00000| Untracked 
| 157|0x0000000089d00000, 0x0000000089d00000, 0x0000000089e00000|  0%| F|  |TAMS 0x0000000089d00000| PB 0x0000000089d00000| Untracked 
| 158|0x0000000089e00000, 0x0000000089e00000, 0x0000000089f00000|  0%| F|  |TAMS 0x0000000089e00000| PB 0x0000000089e00000| Untracked 
| 159|0x0000000089f00000, 0x0000000089f00000, 0x000000008a000000|  0%| F|  |TAMS 0x0000000089f00000| PB 0x0000000089f00000| Untracked 
| 160|0x000000008a000000, 0x000000008a000000, 0x000000008a100000|  0%| F|  |TAMS 0x000000008a000000| PB 0x000000008a000000| Untracked 
| 161|0x000000008a100000, 0x000000008a100000, 0x000000008a200000|  0%| F|  |TAMS 0x000000008a100000| PB 0x000000008a100000| Untracked 
| 162|0x000000008a200000, 0x000000008a200000, 0x000000008a300000|  0%| F|  |TAMS 0x000000008a200000| PB 0x000000008a200000| Untracked 
| 163|0x000000008a300000, 0x000000008a300000, 0x000000008a400000|  0%| F|  |TAMS 0x000000008a300000| PB 0x000000008a300000| Untracked 
| 164|0x000000008a400000, 0x000000008a400000, 0x000000008a500000|  0%| F|  |TAMS 0x000000008a400000| PB 0x000000008a400000| Untracked 
| 165|0x000000008a500000, 0x000000008a500000, 0x000000008a600000|  0%| F|  |TAMS 0x000000008a500000| PB 0x000000008a500000| Untracked 
| 166|0x000000008a600000, 0x000000008a600000, 0x000000008a700000|  0%| F|  |TAMS 0x000000008a600000| PB 0x000000008a600000| Untracked 
| 167|0x000000008a700000, 0x000000008a700000, 0x000000008a800000|  0%| F|  |TAMS 0x000000008a700000| PB 0x000000008a700000| Untracked 
| 168|0x000000008a800000, 0x000000008a800000, 0x000000008a900000|  0%| F|  |TAMS 0x000000008a800000| PB 0x000000008a800000| Untracked 
| 169|0x000000008a900000, 0x000000008a900000, 0x000000008aa00000|  0%| F|  |TAMS 0x000000008a900000| PB 0x000000008a900000| Untracked 
| 170|0x000000008aa00000, 0x000000008aa00000, 0x000000008ab00000|  0%| F|  |TAMS 0x000000008aa00000| PB 0x000000008aa00000| Untracked 
| 171|0x000000008ab00000, 0x000000008ab00000, 0x000000008ac00000|  0%| F|  |TAMS 0x000000008ab00000| PB 0x000000008ab00000| Untracked 
| 172|0x000000008ac00000, 0x000000008ac00000, 0x000000008ad00000|  0%| F|  |TAMS 0x000000008ac00000| PB 0x000000008ac00000| Untracked 
| 173|0x000000008ad00000, 0x000000008ad00000, 0x000000008ae00000|  0%| F|  |TAMS 0x000000008ad00000| PB 0x000000008ad00000| Untracked 
| 174|0x000000008ae00000, 0x000000008ae00000, 0x000000008af00000|  0%| F|  |TAMS 0x000000008ae00000| PB 0x000000008ae00000| Untracked 
| 175|0x000000008af00000, 0x000000008b000000, 0x000000008b000000|100%| O|  |TAMS 0x000000008af00000| PB 0x000000008af00000| Untracked 
| 176|0x000000008b000000, 0x000000008b100000, 0x000000008b100000|100%| O|  |TAMS 0x000000008b000000| PB 0x000000008b000000| Untracked 
| 177|0x000000008b100000, 0x000000008b200000, 0x000000008b200000|100%| O|  |TAMS 0x000000008b100000| PB 0x000000008b100000| Untracked 
| 178|0x000000008b200000, 0x000000008b300000, 0x000000008b300000|100%| O|  |TAMS 0x000000008b200000| PB 0x000000008b200000| Untracked 
| 179|0x000000008b300000, 0x000000008b400000, 0x000000008b400000|100%| O|  |TAMS 0x000000008b300000| PB 0x000000008b300000| Untracked 
| 180|0x000000008b400000, 0x000000008b500000, 0x000000008b500000|100%| O|Cm|TAMS 0x000000008b400000| PB 0x000000008b400000| Complete 
| 181|0x000000008b500000, 0x000000008b600000, 0x000000008b600000|100%| O|  |TAMS 0x000000008b500000| PB 0x000000008b500000| Untracked 
| 182|0x000000008b600000, 0x000000008b700000, 0x000000008b700000|100%| O|Cm|TAMS 0x000000008b600000| PB 0x000000008b600000| Complete 
| 183|0x000000008b700000, 0x000000008b800000, 0x000000008b800000|100%| O|  |TAMS 0x000000008b700000| PB 0x000000008b700000| Untracked 
| 184|0x000000008b800000, 0x000000008b900000, 0x000000008b900000|100%| O|Cm|TAMS 0x000000008b800000| PB 0x000000008b800000| Complete 
| 185|0x000000008b900000, 0x000000008ba00000, 0x000000008ba00000|100%| O|Cm|TAMS 0x000000008b900000| PB 0x000000008b900000| Complete 
| 186|0x000000008ba00000, 0x000000008bb00000, 0x000000008bb00000|100%| O|Cm|TAMS 0x000000008ba00000| PB 0x000000008ba00000| Complete 
| 187|0x000000008bb00000, 0x000000008bb98a30, 0x000000008bc00000| 59%| O|  |TAMS 0x000000008bb00000| PB 0x000000008bb00000| Untracked 
| 188|0x000000008bc00000, 0x000000008bc00000, 0x000000008bd00000|  0%| F|  |TAMS 0x000000008bc00000| PB 0x000000008bc00000| Untracked 
| 189|0x000000008bd00000, 0x000000008bd00000, 0x000000008be00000|  0%| F|  |TAMS 0x000000008bd00000| PB 0x000000008bd00000| Untracked 
| 190|0x000000008be00000, 0x000000008be00000, 0x000000008bf00000|  0%| F|  |TAMS 0x000000008be00000| PB 0x000000008be00000| Untracked 
| 191|0x000000008bf00000, 0x000000008bf00000, 0x000000008c000000|  0%| F|  |TAMS 0x000000008bf00000| PB 0x000000008bf00000| Untracked 
| 192|0x000000008c000000, 0x000000008c000000, 0x000000008c100000|  0%| F|  |TAMS 0x000000008c000000| PB 0x000000008c000000| Untracked 
| 193|0x000000008c100000, 0x000000008c100000, 0x000000008c200000|  0%| F|  |TAMS 0x000000008c100000| PB 0x000000008c100000| Untracked 
| 194|0x000000008c200000, 0x000000008c200000, 0x000000008c300000|  0%| F|  |TAMS 0x000000008c200000| PB 0x000000008c200000| Untracked 
| 195|0x000000008c300000, 0x000000008c300000, 0x000000008c400000|  0%| F|  |TAMS 0x000000008c300000| PB 0x000000008c300000| Untracked 
| 196|0x000000008c400000, 0x000000008c400000, 0x000000008c500000|  0%| F|  |TAMS 0x000000008c400000| PB 0x000000008c400000| Untracked 
| 197|0x000000008c500000, 0x000000008c500000, 0x000000008c600000|  0%| F|  |TAMS 0x000000008c500000| PB 0x000000008c500000| Untracked 
| 198|0x000000008c600000, 0x000000008c600000, 0x000000008c700000|  0%| F|  |TAMS 0x000000008c600000| PB 0x000000008c600000| Untracked 
| 199|0x000000008c700000, 0x000000008c700000, 0x000000008c800000|  0%| F|  |TAMS 0x000000008c700000| PB 0x000000008c700000| Untracked 
| 200|0x000000008c800000, 0x000000008c800000, 0x000000008c900000|  0%| F|  |TAMS 0x000000008c800000| PB 0x000000008c800000| Untracked 
| 201|0x000000008c900000, 0x000000008c900000, 0x000000008ca00000|  0%| F|  |TAMS 0x000000008c900000| PB 0x000000008c900000| Untracked 
| 202|0x000000008ca00000, 0x000000008ca00000, 0x000000008cb00000|  0%| F|  |TAMS 0x000000008ca00000| PB 0x000000008ca00000| Untracked 
| 203|0x000000008cb00000, 0x000000008cb00000, 0x000000008cc00000|  0%| F|  |TAMS 0x000000008cb00000| PB 0x000000008cb00000| Untracked 
| 204|0x000000008cc00000, 0x000000008cc00000, 0x000000008cd00000|  0%| F|  |TAMS 0x000000008cc00000| PB 0x000000008cc00000| Untracked 
| 205|0x000000008cd00000, 0x000000008cd00000, 0x000000008ce00000|  0%| F|  |TAMS 0x000000008cd00000| PB 0x000000008cd00000| Untracked 
| 206|0x000000008ce00000, 0x000000008ce00000, 0x000000008cf00000|  0%| F|  |TAMS 0x000000008ce00000| PB 0x000000008ce00000| Untracked 
| 207|0x000000008cf00000, 0x000000008cf00000, 0x000000008d000000|  0%| F|  |TAMS 0x000000008cf00000| PB 0x000000008cf00000| Untracked 
| 208|0x000000008d000000, 0x000000008d000000, 0x000000008d100000|  0%| F|  |TAMS 0x000000008d000000| PB 0x000000008d000000| Untracked 
| 209|0x000000008d100000, 0x000000008d100000, 0x000000008d200000|  0%| F|  |TAMS 0x000000008d100000| PB 0x000000008d100000| Untracked 
| 210|0x000000008d200000, 0x000000008d200000, 0x000000008d300000|  0%| F|  |TAMS 0x000000008d200000| PB 0x000000008d200000| Untracked 
| 211|0x000000008d300000, 0x000000008d300000, 0x000000008d400000|  0%| F|  |TAMS 0x000000008d300000| PB 0x000000008d300000| Untracked 
| 212|0x000000008d400000, 0x000000008d400000, 0x000000008d500000|  0%| F|  |TAMS 0x000000008d400000| PB 0x000000008d400000| Untracked 
| 213|0x000000008d500000, 0x000000008d500000, 0x000000008d600000|  0%| F|  |TAMS 0x000000008d500000| PB 0x000000008d500000| Untracked 
| 214|0x000000008d600000, 0x000000008d600000, 0x000000008d700000|  0%| F|  |TAMS 0x000000008d600000| PB 0x000000008d600000| Untracked 
| 215|0x000000008d700000, 0x000000008d700000, 0x000000008d800000|  0%| F|  |TAMS 0x000000008d700000| PB 0x000000008d700000| Untracked 
| 216|0x000000008d800000, 0x000000008d800000, 0x000000008d900000|  0%| F|  |TAMS 0x000000008d800000| PB 0x000000008d800000| Untracked 
| 217|0x000000008d900000, 0x000000008d900000, 0x000000008da00000|  0%| F|  |TAMS 0x000000008d900000| PB 0x000000008d900000| Untracked 
| 218|0x000000008da00000, 0x000000008da00000, 0x000000008db00000|  0%| F|  |TAMS 0x000000008da00000| PB 0x000000008da00000| Untracked 
| 219|0x000000008db00000, 0x000000008db00000, 0x000000008dc00000|  0%| F|  |TAMS 0x000000008db00000| PB 0x000000008db00000| Untracked 
| 220|0x000000008dc00000, 0x000000008dc00000, 0x000000008dd00000|  0%| F|  |TAMS 0x000000008dc00000| PB 0x000000008dc00000| Untracked 
| 221|0x000000008dd00000, 0x000000008dd00000, 0x000000008de00000|  0%| F|  |TAMS 0x000000008dd00000| PB 0x000000008dd00000| Untracked 
| 222|0x000000008de00000, 0x000000008de00000, 0x000000008df00000|  0%| F|  |TAMS 0x000000008de00000| PB 0x000000008de00000| Untracked 
| 223|0x000000008df00000, 0x000000008df00000, 0x000000008e000000|  0%| F|  |TAMS 0x000000008df00000| PB 0x000000008df00000| Untracked 
| 224|0x000000008e000000, 0x000000008e000000, 0x000000008e100000|  0%| F|  |TAMS 0x000000008e000000| PB 0x000000008e000000| Untracked 
| 225|0x000000008e100000, 0x000000008e100000, 0x000000008e200000|  0%| F|  |TAMS 0x000000008e100000| PB 0x000000008e100000| Untracked 
| 226|0x000000008e200000, 0x000000008e200000, 0x000000008e300000|  0%| F|  |TAMS 0x000000008e200000| PB 0x000000008e200000| Untracked 
| 227|0x000000008e300000, 0x000000008e300000, 0x000000008e400000|  0%| F|  |TAMS 0x000000008e300000| PB 0x000000008e300000| Untracked 
| 228|0x000000008e400000, 0x000000008e400000, 0x000000008e500000|  0%| F|  |TAMS 0x000000008e400000| PB 0x000000008e400000| Untracked 
| 229|0x000000008e500000, 0x000000008e500000, 0x000000008e600000|  0%| F|  |TAMS 0x000000008e500000| PB 0x000000008e500000| Untracked 
| 230|0x000000008e600000, 0x000000008e600000, 0x000000008e700000|  0%| F|  |TAMS 0x000000008e600000| PB 0x000000008e600000| Untracked 
| 231|0x000000008e700000, 0x000000008e700000, 0x000000008e800000|  0%| F|  |TAMS 0x000000008e700000| PB 0x000000008e700000| Untracked 
| 232|0x000000008e800000, 0x000000008e800000, 0x000000008e900000|  0%| F|  |TAMS 0x000000008e800000| PB 0x000000008e800000| Untracked 
| 233|0x000000008e900000, 0x000000008e900000, 0x000000008ea00000|  0%| F|  |TAMS 0x000000008e900000| PB 0x000000008e900000| Untracked 
| 234|0x000000008ea00000, 0x000000008ea00000, 0x000000008eb00000|  0%| F|  |TAMS 0x000000008ea00000| PB 0x000000008ea00000| Untracked 
| 235|0x000000008eb00000, 0x000000008eb00000, 0x000000008ec00000|  0%| F|  |TAMS 0x000000008eb00000| PB 0x000000008eb00000| Untracked 
| 236|0x000000008ec00000, 0x000000008ec00000, 0x000000008ed00000|  0%| F|  |TAMS 0x000000008ec00000| PB 0x000000008ec00000| Untracked 
| 237|0x000000008ed00000, 0x000000008ed00000, 0x000000008ee00000|  0%| F|  |TAMS 0x000000008ed00000| PB 0x000000008ed00000| Untracked 
| 238|0x000000008ee00000, 0x000000008ee00000, 0x000000008ef00000|  0%| F|  |TAMS 0x000000008ee00000| PB 0x000000008ee00000| Untracked 
| 239|0x000000008ef00000, 0x000000008ef00000, 0x000000008f000000|  0%| F|  |TAMS 0x000000008ef00000| PB 0x000000008ef00000| Untracked 
| 240|0x000000008f000000, 0x000000008f000000, 0x000000008f100000|  0%| F|  |TAMS 0x000000008f000000| PB 0x000000008f000000| Untracked 
| 241|0x000000008f100000, 0x000000008f100000, 0x000000008f200000|  0%| F|  |TAMS 0x000000008f100000| PB 0x000000008f100000| Untracked 
| 242|0x000000008f200000, 0x000000008f200000, 0x000000008f300000|  0%| F|  |TAMS 0x000000008f200000| PB 0x000000008f200000| Untracked 
| 243|0x000000008f300000, 0x000000008f300000, 0x000000008f400000|  0%| F|  |TAMS 0x000000008f300000| PB 0x000000008f300000| Untracked 
| 244|0x000000008f400000, 0x000000008f400000, 0x000000008f500000|  0%| F|  |TAMS 0x000000008f400000| PB 0x000000008f400000| Untracked 
| 245|0x000000008f500000, 0x000000008f500000, 0x000000008f600000|  0%| F|  |TAMS 0x000000008f500000| PB 0x000000008f500000| Untracked 
| 246|0x000000008f600000, 0x000000008f600000, 0x000000008f700000|  0%| F|  |TAMS 0x000000008f600000| PB 0x000000008f600000| Untracked 
| 247|0x000000008f700000, 0x000000008f700000, 0x000000008f800000|  0%| F|  |TAMS 0x000000008f700000| PB 0x000000008f700000| Untracked 
| 248|0x000000008f800000, 0x000000008f800000, 0x000000008f900000|  0%| F|  |TAMS 0x000000008f800000| PB 0x000000008f800000| Untracked 
| 249|0x000000008f900000, 0x000000008f900000, 0x000000008fa00000|  0%| F|  |TAMS 0x000000008f900000| PB 0x000000008f900000| Untracked 
| 250|0x000000008fa00000, 0x000000008fa00000, 0x000000008fb00000|  0%| F|  |TAMS 0x000000008fa00000| PB 0x000000008fa00000| Untracked 
| 251|0x000000008fb00000, 0x000000008fb00000, 0x000000008fc00000|  0%| F|  |TAMS 0x000000008fb00000| PB 0x000000008fb00000| Untracked 
| 252|0x000000008fc00000, 0x000000008fc00000, 0x000000008fd00000|  0%| F|  |TAMS 0x000000008fc00000| PB 0x000000008fc00000| Untracked 
| 253|0x000000008fd00000, 0x000000008fd00000, 0x000000008fe00000|  0%| F|  |TAMS 0x000000008fd00000| PB 0x000000008fd00000| Untracked 
| 254|0x000000008fe00000, 0x000000008fe00000, 0x000000008ff00000|  0%| F|  |TAMS 0x000000008fe00000| PB 0x000000008fe00000| Untracked 
| 255|0x000000008ff00000, 0x000000008ff00000, 0x0000000090000000|  0%| F|  |TAMS 0x000000008ff00000| PB 0x000000008ff00000| Untracked 
| 256|0x0000000090000000, 0x0000000090000000, 0x0000000090100000|  0%| F|  |TAMS 0x0000000090000000| PB 0x0000000090000000| Untracked 
| 257|0x0000000090100000, 0x0000000090100000, 0x0000000090200000|  0%| F|  |TAMS 0x0000000090100000| PB 0x0000000090100000| Untracked 
| 258|0x0000000090200000, 0x0000000090200000, 0x0000000090300000|  0%| F|  |TAMS 0x0000000090200000| PB 0x0000000090200000| Untracked 
| 259|0x0000000090300000, 0x0000000090300000, 0x0000000090400000|  0%| F|  |TAMS 0x0000000090300000| PB 0x0000000090300000| Untracked 
| 260|0x0000000090400000, 0x0000000090400000, 0x0000000090500000|  0%| F|  |TAMS 0x0000000090400000| PB 0x0000000090400000| Untracked 
| 261|0x0000000090500000, 0x0000000090500000, 0x0000000090600000|  0%| F|  |TAMS 0x0000000090500000| PB 0x0000000090500000| Untracked 
| 262|0x0000000090600000, 0x0000000090600000, 0x0000000090700000|  0%| F|  |TAMS 0x0000000090600000| PB 0x0000000090600000| Untracked 
| 263|0x0000000090700000, 0x0000000090700000, 0x0000000090800000|  0%| F|  |TAMS 0x0000000090700000| PB 0x0000000090700000| Untracked 
| 264|0x0000000090800000, 0x0000000090800000, 0x0000000090900000|  0%| F|  |TAMS 0x0000000090800000| PB 0x0000000090800000| Untracked 
| 265|0x0000000090900000, 0x0000000090900000, 0x0000000090a00000|  0%| F|  |TAMS 0x0000000090900000| PB 0x0000000090900000| Untracked 
| 266|0x0000000090a00000, 0x0000000090a00000, 0x0000000090b00000|  0%| F|  |TAMS 0x0000000090a00000| PB 0x0000000090a00000| Untracked 
| 267|0x0000000090b00000, 0x0000000090b00000, 0x0000000090c00000|  0%| F|  |TAMS 0x0000000090b00000| PB 0x0000000090b00000| Untracked 
| 268|0x0000000090c00000, 0x0000000090c00000, 0x0000000090d00000|  0%| F|  |TAMS 0x0000000090c00000| PB 0x0000000090c00000| Untracked 
| 269|0x0000000090d00000, 0x0000000090d00000, 0x0000000090e00000|  0%| F|  |TAMS 0x0000000090d00000| PB 0x0000000090d00000| Untracked 
| 270|0x0000000090e00000, 0x0000000090e00000, 0x0000000090f00000|  0%| F|  |TAMS 0x0000000090e00000| PB 0x0000000090e00000| Untracked 
| 271|0x0000000090f00000, 0x0000000090f00000, 0x0000000091000000|  0%| F|  |TAMS 0x0000000090f00000| PB 0x0000000090f00000| Untracked 
| 272|0x0000000091000000, 0x0000000091000000, 0x0000000091100000|  0%| F|  |TAMS 0x0000000091000000| PB 0x0000000091000000| Untracked 
| 273|0x0000000091100000, 0x0000000091100000, 0x0000000091200000|  0%| F|  |TAMS 0x0000000091100000| PB 0x0000000091100000| Untracked 
| 274|0x0000000091200000, 0x0000000091200000, 0x0000000091300000|  0%| F|  |TAMS 0x0000000091200000| PB 0x0000000091200000| Untracked 
| 275|0x0000000091300000, 0x0000000091300000, 0x0000000091400000|  0%| F|  |TAMS 0x0000000091300000| PB 0x0000000091300000| Untracked 
| 276|0x0000000091400000, 0x0000000091400000, 0x0000000091500000|  0%| F|  |TAMS 0x0000000091400000| PB 0x0000000091400000| Untracked 
| 277|0x0000000091500000, 0x0000000091500000, 0x0000000091600000|  0%| F|  |TAMS 0x0000000091500000| PB 0x0000000091500000| Untracked 
| 278|0x0000000091600000, 0x0000000091600000, 0x0000000091700000|  0%| F|  |TAMS 0x0000000091600000| PB 0x0000000091600000| Untracked 
| 279|0x0000000091700000, 0x0000000091700000, 0x0000000091800000|  0%| F|  |TAMS 0x0000000091700000| PB 0x0000000091700000| Untracked 
| 280|0x0000000091800000, 0x0000000091800000, 0x0000000091900000|  0%| F|  |TAMS 0x0000000091800000| PB 0x0000000091800000| Untracked 
| 281|0x0000000091900000, 0x0000000091900000, 0x0000000091a00000|  0%| F|  |TAMS 0x0000000091900000| PB 0x0000000091900000| Untracked 
| 282|0x0000000091a00000, 0x0000000091a00000, 0x0000000091b00000|  0%| F|  |TAMS 0x0000000091a00000| PB 0x0000000091a00000| Untracked 
| 283|0x0000000091b00000, 0x0000000091b00000, 0x0000000091c00000|  0%| F|  |TAMS 0x0000000091b00000| PB 0x0000000091b00000| Untracked 
| 284|0x0000000091c00000, 0x0000000091c00000, 0x0000000091d00000|  0%| F|  |TAMS 0x0000000091c00000| PB 0x0000000091c00000| Untracked 
| 285|0x0000000091d00000, 0x0000000091d00000, 0x0000000091e00000|  0%| F|  |TAMS 0x0000000091d00000| PB 0x0000000091d00000| Untracked 
| 286|0x0000000091e00000, 0x0000000091e00000, 0x0000000091f00000|  0%| F|  |TAMS 0x0000000091e00000| PB 0x0000000091e00000| Untracked 
| 287|0x0000000091f00000, 0x0000000091f00000, 0x0000000092000000|  0%| F|  |TAMS 0x0000000091f00000| PB 0x0000000091f00000| Untracked 
| 288|0x0000000092000000, 0x0000000092000000, 0x0000000092100000|  0%| F|  |TAMS 0x0000000092000000| PB 0x0000000092000000| Untracked 
| 289|0x0000000092100000, 0x0000000092100000, 0x0000000092200000|  0%| F|  |TAMS 0x0000000092100000| PB 0x0000000092100000| Untracked 
| 290|0x0000000092200000, 0x0000000092200000, 0x0000000092300000|  0%| F|  |TAMS 0x0000000092200000| PB 0x0000000092200000| Untracked 
| 291|0x0000000092300000, 0x0000000092300000, 0x0000000092400000|  0%| F|  |TAMS 0x0000000092300000| PB 0x0000000092300000| Untracked 
| 292|0x0000000092400000, 0x0000000092400000, 0x0000000092500000|  0%| F|  |TAMS 0x0000000092400000| PB 0x0000000092400000| Untracked 
| 293|0x0000000092500000, 0x0000000092500000, 0x0000000092600000|  0%| F|  |TAMS 0x0000000092500000| PB 0x0000000092500000| Untracked 
| 294|0x0000000092600000, 0x0000000092600000, 0x0000000092700000|  0%| F|  |TAMS 0x0000000092600000| PB 0x0000000092600000| Untracked 
| 295|0x0000000092700000, 0x0000000092700000, 0x0000000092800000|  0%| F|  |TAMS 0x0000000092700000| PB 0x0000000092700000| Untracked 
| 296|0x0000000092800000, 0x0000000092800000, 0x0000000092900000|  0%| F|  |TAMS 0x0000000092800000| PB 0x0000000092800000| Untracked 
| 297|0x0000000092900000, 0x0000000092900000, 0x0000000092a00000|  0%| F|  |TAMS 0x0000000092900000| PB 0x0000000092900000| Untracked 
| 298|0x0000000092a00000, 0x0000000092a00000, 0x0000000092b00000|  0%| F|  |TAMS 0x0000000092a00000| PB 0x0000000092a00000| Untracked 
| 299|0x0000000092b00000, 0x0000000092b00000, 0x0000000092c00000|  0%| F|  |TAMS 0x0000000092b00000| PB 0x0000000092b00000| Untracked 
| 300|0x0000000092c00000, 0x0000000092c00000, 0x0000000092d00000|  0%| F|  |TAMS 0x0000000092c00000| PB 0x0000000092c00000| Untracked 
| 301|0x0000000092d00000, 0x0000000092d00000, 0x0000000092e00000|  0%| F|  |TAMS 0x0000000092d00000| PB 0x0000000092d00000| Untracked 
| 302|0x0000000092e00000, 0x0000000092e00000, 0x0000000092f00000|  0%| F|  |TAMS 0x0000000092e00000| PB 0x0000000092e00000| Untracked 
| 303|0x0000000092f00000, 0x0000000092f00000, 0x0000000093000000|  0%| F|  |TAMS 0x0000000092f00000| PB 0x0000000092f00000| Untracked 
| 304|0x0000000093000000, 0x0000000093000000, 0x0000000093100000|  0%| F|  |TAMS 0x0000000093000000| PB 0x0000000093000000| Untracked 
| 305|0x0000000093100000, 0x0000000093100000, 0x0000000093200000|  0%| F|  |TAMS 0x0000000093100000| PB 0x0000000093100000| Untracked 
| 306|0x0000000093200000, 0x0000000093200000, 0x0000000093300000|  0%| F|  |TAMS 0x0000000093200000| PB 0x0000000093200000| Untracked 
| 307|0x0000000093300000, 0x0000000093300000, 0x0000000093400000|  0%| F|  |TAMS 0x0000000093300000| PB 0x0000000093300000| Untracked 
| 308|0x0000000093400000, 0x0000000093400000, 0x0000000093500000|  0%| F|  |TAMS 0x0000000093400000| PB 0x0000000093400000| Untracked 
| 309|0x0000000093500000, 0x0000000093500000, 0x0000000093600000|  0%| F|  |TAMS 0x0000000093500000| PB 0x0000000093500000| Untracked 
| 310|0x0000000093600000, 0x0000000093600000, 0x0000000093700000|  0%| F|  |TAMS 0x0000000093600000| PB 0x0000000093600000| Untracked 
| 311|0x0000000093700000, 0x0000000093700000, 0x0000000093800000|  0%| F|  |TAMS 0x0000000093700000| PB 0x0000000093700000| Untracked 
| 312|0x0000000093800000, 0x0000000093800000, 0x0000000093900000|  0%| F|  |TAMS 0x0000000093800000| PB 0x0000000093800000| Untracked 
| 313|0x0000000093900000, 0x0000000093900000, 0x0000000093a00000|  0%| F|  |TAMS 0x0000000093900000| PB 0x0000000093900000| Untracked 
| 314|0x0000000093a00000, 0x0000000093a00000, 0x0000000093b00000|  0%| F|  |TAMS 0x0000000093a00000| PB 0x0000000093a00000| Untracked 
| 315|0x0000000093b00000, 0x0000000093b00000, 0x0000000093c00000|  0%| F|  |TAMS 0x0000000093b00000| PB 0x0000000093b00000| Untracked 
| 316|0x0000000093c00000, 0x0000000093c00000, 0x0000000093d00000|  0%| F|  |TAMS 0x0000000093c00000| PB 0x0000000093c00000| Untracked 
| 317|0x0000000093d00000, 0x0000000093d00000, 0x0000000093e00000|  0%| F|  |TAMS 0x0000000093d00000| PB 0x0000000093d00000| Untracked 
| 318|0x0000000093e00000, 0x0000000093e00000, 0x0000000093f00000|  0%| F|  |TAMS 0x0000000093e00000| PB 0x0000000093e00000| Untracked 
| 319|0x0000000093f00000, 0x0000000093f00000, 0x0000000094000000|  0%| F|  |TAMS 0x0000000093f00000| PB 0x0000000093f00000| Untracked 
| 320|0x0000000094000000, 0x0000000094000000, 0x0000000094100000|  0%| F|  |TAMS 0x0000000094000000| PB 0x0000000094000000| Untracked 
| 321|0x0000000094100000, 0x0000000094100000, 0x0000000094200000|  0%| F|  |TAMS 0x0000000094100000| PB 0x0000000094100000| Untracked 
| 322|0x0000000094200000, 0x0000000094200000, 0x0000000094300000|  0%| F|  |TAMS 0x0000000094200000| PB 0x0000000094200000| Untracked 
| 323|0x0000000094300000, 0x0000000094300000, 0x0000000094400000|  0%| F|  |TAMS 0x0000000094300000| PB 0x0000000094300000| Untracked 
| 324|0x0000000094400000, 0x0000000094400000, 0x0000000094500000|  0%| F|  |TAMS 0x0000000094400000| PB 0x0000000094400000| Untracked 
| 325|0x0000000094500000, 0x0000000094500000, 0x0000000094600000|  0%| F|  |TAMS 0x0000000094500000| PB 0x0000000094500000| Untracked 
| 326|0x0000000094600000, 0x0000000094600000, 0x0000000094700000|  0%| F|  |TAMS 0x0000000094600000| PB 0x0000000094600000| Untracked 
| 327|0x0000000094700000, 0x0000000094700000, 0x0000000094800000|  0%| F|  |TAMS 0x0000000094700000| PB 0x0000000094700000| Untracked 
| 328|0x0000000094800000, 0x0000000094800000, 0x0000000094900000|  0%| F|  |TAMS 0x0000000094800000| PB 0x0000000094800000| Untracked 
| 329|0x0000000094900000, 0x0000000094900000, 0x0000000094a00000|  0%| F|  |TAMS 0x0000000094900000| PB 0x0000000094900000| Untracked 
| 330|0x0000000094a00000, 0x0000000094a00000, 0x0000000094b00000|  0%| F|  |TAMS 0x0000000094a00000| PB 0x0000000094a00000| Untracked 
| 331|0x0000000094b00000, 0x0000000094b00000, 0x0000000094c00000|  0%| F|  |TAMS 0x0000000094b00000| PB 0x0000000094b00000| Untracked 
| 332|0x0000000094c00000, 0x0000000094c00000, 0x0000000094d00000|  0%| F|  |TAMS 0x0000000094c00000| PB 0x0000000094c00000| Untracked 
| 333|0x0000000094d00000, 0x0000000094d00000, 0x0000000094e00000|  0%| F|  |TAMS 0x0000000094d00000| PB 0x0000000094d00000| Untracked 
| 334|0x0000000094e00000, 0x0000000094e00000, 0x0000000094f00000|  0%| F|  |TAMS 0x0000000094e00000| PB 0x0000000094e00000| Untracked 
| 335|0x0000000094f00000, 0x0000000094f00000, 0x0000000095000000|  0%| F|  |TAMS 0x0000000094f00000| PB 0x0000000094f00000| Untracked 
| 336|0x0000000095000000, 0x0000000095000000, 0x0000000095100000|  0%| F|  |TAMS 0x0000000095000000| PB 0x0000000095000000| Untracked 
| 337|0x0000000095100000, 0x0000000095100000, 0x0000000095200000|  0%| F|  |TAMS 0x0000000095100000| PB 0x0000000095100000| Untracked 
| 338|0x0000000095200000, 0x0000000095200000, 0x0000000095300000|  0%| F|  |TAMS 0x0000000095200000| PB 0x0000000095200000| Untracked 
| 339|0x0000000095300000, 0x0000000095300000, 0x0000000095400000|  0%| F|  |TAMS 0x0000000095300000| PB 0x0000000095300000| Untracked 
| 340|0x0000000095400000, 0x0000000095400000, 0x0000000095500000|  0%| F|  |TAMS 0x0000000095400000| PB 0x0000000095400000| Untracked 
| 341|0x0000000095500000, 0x0000000095600000, 0x0000000095600000|100%| E|  |TAMS 0x0000000095500000| PB 0x0000000095500000| Complete 
| 342|0x0000000095600000, 0x0000000095700000, 0x0000000095700000|100%| E|CS|TAMS 0x0000000095600000| PB 0x0000000095600000| Complete 
| 343|0x0000000095700000, 0x0000000095800000, 0x0000000095800000|100%| E|CS|TAMS 0x0000000095700000| PB 0x0000000095700000| Complete 
| 344|0x0000000095800000, 0x0000000095900000, 0x0000000095900000|100%| E|CS|TAMS 0x0000000095800000| PB 0x0000000095800000| Complete 
| 345|0x0000000095900000, 0x0000000095a00000, 0x0000000095a00000|100%| E|CS|TAMS 0x0000000095900000| PB 0x0000000095900000| Complete 
| 346|0x0000000095a00000, 0x0000000095b00000, 0x0000000095b00000|100%| E|CS|TAMS 0x0000000095a00000| PB 0x0000000095a00000| Complete 
| 347|0x0000000095b00000, 0x0000000095c00000, 0x0000000095c00000|100%| E|CS|TAMS 0x0000000095b00000| PB 0x0000000095b00000| Complete 
| 348|0x0000000095c00000, 0x0000000095d00000, 0x0000000095d00000|100%| E|CS|TAMS 0x0000000095c00000| PB 0x0000000095c00000| Complete 
| 349|0x0000000095d00000, 0x0000000095e00000, 0x0000000095e00000|100%| E|CS|TAMS 0x0000000095d00000| PB 0x0000000095d00000| Complete 
| 350|0x0000000095e00000, 0x0000000095f00000, 0x0000000095f00000|100%| E|CS|TAMS 0x0000000095e00000| PB 0x0000000095e00000| Complete 
| 351|0x0000000095f00000, 0x0000000096000000, 0x0000000096000000|100%| E|CS|TAMS 0x0000000095f00000| PB 0x0000000095f00000| Complete 
| 352|0x0000000096000000, 0x0000000096100000, 0x0000000096100000|100%| E|CS|TAMS 0x0000000096000000| PB 0x0000000096000000| Complete 
| 353|0x0000000096100000, 0x0000000096200000, 0x0000000096200000|100%| E|CS|TAMS 0x0000000096100000| PB 0x0000000096100000| Complete 
| 354|0x0000000096200000, 0x0000000096300000, 0x0000000096300000|100%| E|CS|TAMS 0x0000000096200000| PB 0x0000000096200000| Complete 
| 355|0x0000000096300000, 0x0000000096400000, 0x0000000096400000|100%| E|CS|TAMS 0x0000000096300000| PB 0x0000000096300000| Complete 
| 356|0x0000000096400000, 0x0000000096500000, 0x0000000096500000|100%| E|CS|TAMS 0x0000000096400000| PB 0x0000000096400000| Complete 
| 357|0x0000000096500000, 0x0000000096600000, 0x0000000096600000|100%| E|CS|TAMS 0x0000000096500000| PB 0x0000000096500000| Complete 
| 358|0x0000000096600000, 0x0000000096700000, 0x0000000096700000|100%| E|CS|TAMS 0x0000000096600000| PB 0x0000000096600000| Complete 
| 359|0x0000000096700000, 0x0000000096800000, 0x0000000096800000|100%| E|CS|TAMS 0x0000000096700000| PB 0x0000000096700000| Complete 
| 360|0x0000000096800000, 0x0000000096900000, 0x0000000096900000|100%| E|CS|TAMS 0x0000000096800000| PB 0x0000000096800000| Complete 
| 361|0x0000000096900000, 0x0000000096a00000, 0x0000000096a00000|100%| E|CS|TAMS 0x0000000096900000| PB 0x0000000096900000| Complete 
| 362|0x0000000096a00000, 0x0000000096b00000, 0x0000000096b00000|100%| E|CS|TAMS 0x0000000096a00000| PB 0x0000000096a00000| Complete 
| 363|0x0000000096b00000, 0x0000000096c00000, 0x0000000096c00000|100%| E|CS|TAMS 0x0000000096b00000| PB 0x0000000096b00000| Complete 
| 364|0x0000000096c00000, 0x0000000096d00000, 0x0000000096d00000|100%| E|CS|TAMS 0x0000000096c00000| PB 0x0000000096c00000| Complete 
| 365|0x0000000096d00000, 0x0000000096e00000, 0x0000000096e00000|100%| E|CS|TAMS 0x0000000096d00000| PB 0x0000000096d00000| Complete 
| 366|0x0000000096e00000, 0x0000000096f00000, 0x0000000096f00000|100%| E|CS|TAMS 0x0000000096e00000| PB 0x0000000096e00000| Complete 
| 367|0x0000000096f00000, 0x0000000097000000, 0x0000000097000000|100%| E|CS|TAMS 0x0000000096f00000| PB 0x0000000096f00000| Complete 
| 368|0x0000000097000000, 0x0000000097047f28, 0x0000000097100000| 28%| S|CS|TAMS 0x0000000097000000| PB 0x0000000097000000| Complete 
| 369|0x0000000097100000, 0x0000000097200000, 0x0000000097200000|100%| S|CS|TAMS 0x0000000097100000| PB 0x0000000097100000| Complete 
| 370|0x0000000097200000, 0x0000000097300000, 0x0000000097300000|100%| S|CS|TAMS 0x0000000097200000| PB 0x0000000097200000| Complete 
| 371|0x0000000097300000, 0x0000000097400000, 0x0000000097400000|100%| S|CS|TAMS 0x0000000097300000| PB 0x0000000097300000| Complete 
| 372|0x0000000097400000, 0x0000000097500000, 0x0000000097500000|100%| E|CS|TAMS 0x0000000097400000| PB 0x0000000097400000| Complete 
| 373|0x0000000097500000, 0x0000000097600000, 0x0000000097600000|100%| E|CS|TAMS 0x0000000097500000| PB 0x0000000097500000| Complete 
| 374|0x0000000097600000, 0x0000000097700000, 0x0000000097700000|100%| E|CS|TAMS 0x0000000097600000| PB 0x0000000097600000| Complete 
| 375|0x0000000097700000, 0x0000000097800000, 0x0000000097800000|100%| E|CS|TAMS 0x0000000097700000| PB 0x0000000097700000| Complete 
| 376|0x0000000097800000, 0x0000000097900000, 0x0000000097900000|100%| E|CS|TAMS 0x0000000097800000| PB 0x0000000097800000| Complete 
| 377|0x0000000097900000, 0x0000000097a00000, 0x0000000097a00000|100%| E|CS|TAMS 0x0000000097900000| PB 0x0000000097900000| Complete 
| 378|0x0000000097a00000, 0x0000000097b00000, 0x0000000097b00000|100%| E|CS|TAMS 0x0000000097a00000| PB 0x0000000097a00000| Complete 
| 379|0x0000000097b00000, 0x0000000097c00000, 0x0000000097c00000|100%| E|CS|TAMS 0x0000000097b00000| PB 0x0000000097b00000| Complete 
| 380|0x0000000097c00000, 0x0000000097d00000, 0x0000000097d00000|100%| E|CS|TAMS 0x0000000097c00000| PB 0x0000000097c00000| Complete 
| 381|0x0000000097d00000, 0x0000000097e00000, 0x0000000097e00000|100%| E|CS|TAMS 0x0000000097d00000| PB 0x0000000097d00000| Complete 
| 382|0x0000000097e00000, 0x0000000097f00000, 0x0000000097f00000|100%| E|CS|TAMS 0x0000000097e00000| PB 0x0000000097e00000| Complete 
| 383|0x0000000097f00000, 0x0000000098000000, 0x0000000098000000|100%| E|CS|TAMS 0x0000000097f00000| PB 0x0000000097f00000| Complete 
| 384|0x0000000098000000, 0x0000000098100000, 0x0000000098100000|100%| E|CS|TAMS 0x0000000098000000| PB 0x0000000098000000| Complete 
| 385|0x0000000098100000, 0x0000000098200000, 0x0000000098200000|100%| E|CS|TAMS 0x0000000098100000| PB 0x0000000098100000| Complete 
| 386|0x0000000098200000, 0x0000000098300000, 0x0000000098300000|100%| E|CS|TAMS 0x0000000098200000| PB 0x0000000098200000| Complete 
| 387|0x0000000098300000, 0x0000000098400000, 0x0000000098400000|100%| E|CS|TAMS 0x0000000098300000| PB 0x0000000098300000| Complete 
| 388|0x0000000098400000, 0x0000000098500000, 0x0000000098500000|100%| E|CS|TAMS 0x0000000098400000| PB 0x0000000098400000| Complete 
| 389|0x0000000098500000, 0x0000000098600000, 0x0000000098600000|100%| E|CS|TAMS 0x0000000098500000| PB 0x0000000098500000| Complete 
| 390|0x0000000098600000, 0x0000000098700000, 0x0000000098700000|100%| E|CS|TAMS 0x0000000098600000| PB 0x0000000098600000| Complete 
| 391|0x0000000098700000, 0x0000000098800000, 0x0000000098800000|100%| E|CS|TAMS 0x0000000098700000| PB 0x0000000098700000| Complete 
| 392|0x0000000098800000, 0x0000000098900000, 0x0000000098900000|100%| E|CS|TAMS 0x0000000098800000| PB 0x0000000098800000| Complete 
| 393|0x0000000098900000, 0x0000000098a00000, 0x0000000098a00000|100%| E|CS|TAMS 0x0000000098900000| PB 0x0000000098900000| Complete 
| 394|0x0000000098a00000, 0x0000000098b00000, 0x0000000098b00000|100%| E|CS|TAMS 0x0000000098a00000| PB 0x0000000098a00000| Complete 
| 395|0x0000000098b00000, 0x0000000098c00000, 0x0000000098c00000|100%| E|CS|TAMS 0x0000000098b00000| PB 0x0000000098b00000| Complete 
| 396|0x0000000098c00000, 0x0000000098d00000, 0x0000000098d00000|100%| E|CS|TAMS 0x0000000098c00000| PB 0x0000000098c00000| Complete 
| 397|0x0000000098d00000, 0x0000000098e00000, 0x0000000098e00000|100%| E|CS|TAMS 0x0000000098d00000| PB 0x0000000098d00000| Complete 
| 514|0x00000000a0200000, 0x00000000a0300000, 0x00000000a0300000|100%| E|CS|TAMS 0x00000000a0200000| PB 0x00000000a0200000| Complete 
| 515|0x00000000a0300000, 0x00000000a0400000, 0x00000000a0400000|100%| E|CS|TAMS 0x00000000a0300000| PB 0x00000000a0300000| Complete 
| 516|0x00000000a0400000, 0x00000000a0500000, 0x00000000a0500000|100%| E|CS|TAMS 0x00000000a0400000| PB 0x00000000a0400000| Complete 
| 517|0x00000000a0500000, 0x00000000a0600000, 0x00000000a0600000|100%| E|CS|TAMS 0x00000000a0500000| PB 0x00000000a0500000| Complete 
|2015|0x00000000fdf00000, 0x00000000fe000000, 0x00000000fe000000|100%| O|  |TAMS 0x00000000fdf00000| PB 0x00000000fdf00000| Untracked 
|2016|0x00000000fe000000, 0x00000000fe100000, 0x00000000fe100000|100%| E|CS|TAMS 0x00000000fe000000| PB 0x00000000fe000000| Complete 
|2017|0x00000000fe100000, 0x00000000fe200000, 0x00000000fe200000|100%| E|CS|TAMS 0x00000000fe100000| PB 0x00000000fe100000| Complete 
|2018|0x00000000fe200000, 0x00000000fe300000, 0x00000000fe300000|100%| E|CS|TAMS 0x00000000fe200000| PB 0x00000000fe200000| Complete 
|2019|0x00000000fe300000, 0x00000000fe400000, 0x00000000fe400000|100%| E|CS|TAMS 0x00000000fe300000| PB 0x00000000fe300000| Complete 
|2020|0x00000000fe400000, 0x00000000fe500000, 0x00000000fe500000|100%| E|CS|TAMS 0x00000000fe400000| PB 0x00000000fe400000| Complete 
|2021|0x00000000fe500000, 0x00000000fe600000, 0x00000000fe600000|100%| E|CS|TAMS 0x00000000fe500000| PB 0x00000000fe500000| Complete 
|2022|0x00000000fe600000, 0x00000000fe700000, 0x00000000fe700000|100%| E|CS|TAMS 0x00000000fe600000| PB 0x00000000fe600000| Complete 
|2023|0x00000000fe700000, 0x00000000fe800000, 0x00000000fe800000|100%| E|CS|TAMS 0x00000000fe700000| PB 0x00000000fe700000| Complete 
|2024|0x00000000fe800000, 0x00000000fe900000, 0x00000000fe900000|100%| E|CS|TAMS 0x00000000fe800000| PB 0x00000000fe800000| Complete 
|2025|0x00000000fe900000, 0x00000000fea00000, 0x00000000fea00000|100%| E|CS|TAMS 0x00000000fe900000| PB 0x00000000fe900000| Complete 
|2026|0x00000000fea00000, 0x00000000feb00000, 0x00000000feb00000|100%| E|CS|TAMS 0x00000000fea00000| PB 0x00000000fea00000| Complete 
|2027|0x00000000feb00000, 0x00000000fec00000, 0x00000000fec00000|100%| E|CS|TAMS 0x00000000feb00000| PB 0x00000000feb00000| Complete 
|2028|0x00000000fec00000, 0x00000000fed00000, 0x00000000fed00000|100%| E|CS|TAMS 0x00000000fec00000| PB 0x00000000fec00000| Complete 
|2029|0x00000000fed00000, 0x00000000fee00000, 0x00000000fee00000|100%| E|CS|TAMS 0x00000000fed00000| PB 0x00000000fed00000| Complete 
|2030|0x00000000fee00000, 0x00000000fef00000, 0x00000000fef00000|100%| E|CS|TAMS 0x00000000fee00000| PB 0x00000000fee00000| Complete 
|2031|0x00000000fef00000, 0x00000000ff000000, 0x00000000ff000000|100%| E|CS|TAMS 0x00000000fef00000| PB 0x00000000fef00000| Complete 
|2032|0x00000000ff000000, 0x00000000ff100000, 0x00000000ff100000|100%| E|CS|TAMS 0x00000000ff000000| PB 0x00000000ff000000| Complete 
|2033|0x00000000ff100000, 0x00000000ff200000, 0x00000000ff200000|100%| O|  |TAMS 0x00000000ff100000| PB 0x00000000ff100000| Untracked 
|2034|0x00000000ff200000, 0x00000000ff300000, 0x00000000ff300000|100%| O|  |TAMS 0x00000000ff200000| PB 0x00000000ff200000| Untracked 
|2035|0x00000000ff300000, 0x00000000ff400000, 0x00000000ff400000|100%| O|  |TAMS 0x00000000ff300000| PB 0x00000000ff300000| Untracked 
|2036|0x00000000ff400000, 0x00000000ff500000, 0x00000000ff500000|100%| O|  |TAMS 0x00000000ff400000| PB 0x00000000ff400000| Untracked 
|2037|0x00000000ff500000, 0x00000000ff600000, 0x00000000ff600000|100%| O|  |TAMS 0x00000000ff500000| PB 0x00000000ff500000| Untracked 
|2038|0x00000000ff600000, 0x00000000ff700000, 0x00000000ff700000|100%| O|  |TAMS 0x00000000ff600000| PB 0x00000000ff600000| Untracked 
|2039|0x00000000ff700000, 0x00000000ff800000, 0x00000000ff800000|100%| E|CS|TAMS 0x00000000ff700000| PB 0x00000000ff700000| Complete 
|2040|0x00000000ff800000, 0x00000000ff900000, 0x00000000ff900000|100%| O|  |TAMS 0x00000000ff800000| PB 0x00000000ff800000| Untracked 
|2041|0x00000000ff900000, 0x00000000ffa00000, 0x00000000ffa00000|100%| E|CS|TAMS 0x00000000ff900000| PB 0x00000000ff900000| Complete 
|2042|0x00000000ffa00000, 0x00000000ffb00000, 0x00000000ffb00000|100%| O|  |TAMS 0x00000000ffa00000| PB 0x00000000ffa00000| Untracked 
|2043|0x00000000ffb00000, 0x00000000ffc00000, 0x00000000ffc00000|100%| O|  |TAMS 0x00000000ffb00000| PB 0x00000000ffb00000| Untracked 
|2044|0x00000000ffc00000, 0x00000000ffd00000, 0x00000000ffd00000|100%| O|  |TAMS 0x00000000ffc00000| PB 0x00000000ffc00000| Untracked 
|2045|0x00000000ffd00000, 0x00000000ffe00000, 0x00000000ffe00000|100%| O|  |TAMS 0x00000000ffd00000| PB 0x00000000ffd00000| Untracked 
|2046|0x00000000ffe00000, 0x00000000fff00000, 0x00000000fff00000|100%| O|  |TAMS 0x00000000ffe00000| PB 0x00000000ffe00000| Untracked 
|2047|0x00000000fff00000, 0x0000000100000000, 0x0000000100000000|100%| O|  |TAMS 0x00000000fff00000| PB 0x00000000fff00000| Untracked 

Card table byte_map: [0x0000013debff0000,0x0000013dec3f0000] _byte_map_base: 0x0000013debbf0000

Marking Bits: (CMBitMap*) 0x0000013dd3ac0be0
 Bits: [0x0000013dec3f0000, 0x0000013dee3f0000)

Polling page: 0x0000013dd1630000

Metaspace:

Usage:
  Non-class:    152.30 MB used.
      Class:     21.49 MB used.
       Both:    173.80 MB used.

Virtual space:
  Non-class space:      192.00 MB reserved,     153.56 MB ( 80%) committed,  3 nodes.
      Class space:        1.00 GB reserved,      22.69 MB (  2%) committed,  1 nodes.
             Both:        1.19 GB reserved,     176.25 MB ( 14%) committed. 

Chunk freelists:
   Non-Class:  5.61 MB
       Class:  9.28 MB
        Both:  14.89 MB

MaxMetaspaceSize: unlimited
CompressedClassSpaceSize: 1.00 GB
Initial GC threshold: 21.00 MB
Current GC threshold: 285.12 MB
CDS: on
 - commit_granule_bytes: 65536.
 - commit_granule_words: 8192.
 - virtual_space_node_default_size: 8388608.
 - enlarge_chunks_in_place: 1.
 - use_allocation_guard: 0.


Internal statistics:

num_allocs_failed_limit: 15.
num_arena_births: 4330.
num_arena_deaths: 0.
num_vsnodes_births: 4.
num_vsnodes_deaths: 0.
num_space_committed: 2818.
num_space_uncommitted: 0.
num_chunks_returned_to_freelist: 15.
num_chunks_taken_from_freelist: 11344.
num_chunk_merges: 12.
num_chunk_splits: 8081.
num_chunks_enlarged: 5892.
num_inconsistent_stats: 0.

CodeHeap 'non-profiled nmethods': size=119168Kb used=15253Kb max_used=15381Kb free=103914Kb
 bounds [0x0000013de3cf0000, 0x0000013de4c00000, 0x0000013deb150000]
CodeHeap 'profiled nmethods': size=119104Kb used=33838Kb max_used=41217Kb free=85266Kb
 bounds [0x0000013ddc150000, 0x0000013dde9a0000, 0x0000013de35a0000]
CodeHeap 'non-nmethods': size=7488Kb used=3157Kb max_used=4327Kb free=4331Kb
 bounds [0x0000013de35a0000, 0x0000013de39f0000, 0x0000013de3cf0000]
 total_blobs=16819 nmethods=15627 adapters=1091
 compilation: enabled
              stopped_count=0, restarted_count=0
 full_count=0

Compilation events (20 events):
Event: 75.111 Thread 0x0000013dffb925a0 35278       3       kotlin.jvm.internal.PropertyReference::<init> (40 bytes)
Event: 75.111 Thread 0x0000013dffb925a0 nmethod 35278 0x0000013ddd051d10 code [0x0000013ddd051ee0, 0x0000013ddd0522d0]
Event: 75.114 Thread 0x0000013dffb925a0 35279       3       org.gradle.internal.instantiation.generator.DefaultInstantiationScheme::<init> (59 bytes)
Event: 75.114 Thread 0x0000013dc2ee1e10 35280       3       org.gradle.internal.instantiation.generator.DependencyInjectingInstantiator::<init> (15 bytes)
Event: 75.114 Thread 0x0000013df0919880 35281       3       org.gradle.internal.instantiation.generator.DefaultInstantiationScheme$DefaultDeserializationInstantiator::<init> (26 bytes)
Event: 75.114 Thread 0x0000013df0919880 nmethod 35281 0x0000013ddd051590 code [0x0000013ddd051740, 0x0000013ddd051a18]
Event: 75.114 Thread 0x0000013dc2ee1e10 nmethod 35280 0x0000013ddd69a110 code [0x0000013ddd69a2c0, 0x0000013ddd69a4e0]
Event: 75.114 Thread 0x0000013dffb925a0 nmethod 35279 0x0000013ddd699590 code [0x0000013ddd699780, 0x0000013ddd699f70]
Event: 75.118 Thread 0x0000013dfae2ee70 35282       3       org.gradle.api.internal.provider.AbstractCollectionProperty::getType (11 bytes)
Event: 75.118 Thread 0x0000013dfae2ee70 nmethod 35282 0x0000013ddd699190 code [0x0000013ddd699340, 0x0000013ddd6994a8]
Event: 75.120 Thread 0x0000013dfae2ee70 35283       3       java.lang.Module::isReflectivelyExportedOrOpen (182 bytes)
Event: 75.120 Thread 0x0000013dfc8fcd90 35284       4       jdk.internal.org.objectweb.asm.ByteVector::<init> (13 bytes)
Event: 75.120 Thread 0x0000013dffb925a0 35285       3       jdk.internal.org.objectweb.asm.SymbolTable::addMergedType (164 bytes)
Event: 75.121 Thread 0x0000013dffb925a0 nmethod 35285 0x0000013ddd698510 code [0x0000013ddd698740, 0x0000013ddd698db0]
Event: 75.121 Thread 0x0000013df0919880 35286       3       java.lang.reflect.AccessibleObject::isAnnotationPresent (6 bytes)
Event: 75.121 Thread 0x0000013dffb925a0 35287       1       org.gradle.internal.properties.annotations.AbstractTypeAnnotationHandler::getAnnotationType (5 bytes)
Event: 75.122 Thread 0x0000013dffb925a0 nmethod 35287 0x0000013de41fff10 code [0x0000013de42000a0, 0x0000013de4200168]
Event: 75.122 Thread 0x0000013df0919880 nmethod 35286 0x0000013ddd698010 code [0x0000013ddd6981c0, 0x0000013ddd698440]
Event: 75.123 Thread 0x0000013dfae2ee70 nmethod 35283 0x0000013ddd694a10 code [0x0000013ddd694ec0, 0x0000013ddd6975e0]
Event: 75.124 Thread 0x0000013dfc8fcd90 nmethod 35284 0x0000013de41ffa90 code [0x0000013de41ffc20, 0x0000013de41ffe20]

GC Heap History (20 events):
Event: 59.422 GC heap before
{Heap before GC invocations=156 (full 0):
 garbage-first heap   total 423936K, used 390515K [0x0000000080000000, 0x0000000100000000)
  region size 1024K, 244 young (249856K), 10 survivors (10240K)
 Metaspace       used 144296K, committed 146368K, reserved 1179648K
  class space    used 17656K, committed 18688K, reserved 1048576K
}
Event: 59.425 GC heap after
{Heap after GC invocations=157 (full 0):
 garbage-first heap   total 423936K, used 152218K [0x0000000080000000, 0x0000000100000000)
  region size 1024K, 12 young (12288K), 12 survivors (12288K)
 Metaspace       used 144296K, committed 146368K, reserved 1179648K
  class space    used 17656K, committed 18688K, reserved 1048576K
}
Event: 59.693 GC heap before
{Heap before GC invocations=158 (full 0):
 garbage-first heap   total 423936K, used 387738K [0x0000000080000000, 0x0000000100000000)
  region size 1024K, 242 young (247808K), 12 survivors (12288K)
 Metaspace       used 144296K, committed 146368K, reserved 1179648K
  class space    used 17656K, committed 18688K, reserved 1048576K
}
Event: 59.696 GC heap after
{Heap after GC invocations=159 (full 0):
 garbage-first heap   total 423936K, used 153394K [0x0000000080000000, 0x0000000100000000)
  region size 1024K, 13 young (13312K), 13 survivors (13312K)
 Metaspace       used 144296K, committed 146368K, reserved 1179648K
  class space    used 17656K, committed 18688K, reserved 1048576K
}
Event: 60.026 GC heap before
{Heap before GC invocations=159 (full 0):
 garbage-first heap   total 423936K, used 387890K [0x0000000080000000, 0x0000000100000000)
  region size 1024K, 241 young (246784K), 13 survivors (13312K)
 Metaspace       used 144296K, committed 146368K, reserved 1179648K
  class space    used 17656K, committed 18688K, reserved 1048576K
}
Event: 60.030 GC heap after
{Heap after GC invocations=160 (full 0):
 garbage-first heap   total 423936K, used 155481K [0x0000000080000000, 0x0000000100000000)
  region size 1024K, 17 young (17408K), 17 survivors (17408K)
 Metaspace       used 144296K, committed 146368K, reserved 1179648K
  class space    used 17656K, committed 18688K, reserved 1048576K
}
Event: 60.375 GC heap before
{Heap before GC invocations=160 (full 0):
 garbage-first heap   total 423936K, used 382809K [0x0000000080000000, 0x0000000100000000)
  region size 1024K, 239 young (244736K), 17 survivors (17408K)
 Metaspace       used 144297K, committed 146368K, reserved 1179648K
  class space    used 17656K, committed 18688K, reserved 1048576K
}
Event: 60.378 GC heap after
{Heap after GC invocations=161 (full 0):
 garbage-first heap   total 423936K, used 152896K [0x0000000080000000, 0x0000000100000000)
  region size 1024K, 15 young (15360K), 15 survivors (15360K)
 Metaspace       used 144297K, committed 146368K, reserved 1179648K
  class space    used 17656K, committed 18688K, reserved 1048576K
}
Event: 60.933 GC heap before
{Heap before GC invocations=162 (full 0):
 garbage-first heap   total 423936K, used 383296K [0x0000000080000000, 0x0000000100000000)
  region size 1024K, 241 young (246784K), 15 survivors (15360K)
 Metaspace       used 144297K, committed 146368K, reserved 1179648K
  class space    used 17656K, committed 18688K, reserved 1048576K
}
Event: 60.935 GC heap after
{Heap after GC invocations=163 (full 0):
 garbage-first heap   total 423936K, used 140944K [0x0000000080000000, 0x0000000100000000)
  region size 1024K, 3 young (3072K), 3 survivors (3072K)
 Metaspace       used 144297K, committed 146368K, reserved 1179648K
  class space    used 17656K, committed 18688K, reserved 1048576K
}
Event: 64.114 GC heap before
{Heap before GC invocations=163 (full 0):
 garbage-first heap   total 423936K, used 411280K [0x0000000080000000, 0x0000000100000000)
  region size 1024K, 248 young (253952K), 3 survivors (3072K)
 Metaspace       used 155210K, committed 157504K, reserved 1245184K
  class space    used 18988K, committed 20096K, reserved 1048576K
}
Event: 64.118 GC heap after
{Heap after GC invocations=164 (full 0):
 garbage-first heap   total 429056K, used 163270K [0x0000000080000000, 0x0000000100000000)
  region size 1024K, 15 young (15360K), 15 survivors (15360K)
 Metaspace       used 155210K, committed 157504K, reserved 1245184K
  class space    used 18988K, committed 20096K, reserved 1048576K
}
Event: 66.391 GC heap before
{Heap before GC invocations=164 (full 0):
 garbage-first heap   total 429056K, used 277958K [0x0000000080000000, 0x0000000100000000)
  region size 1024K, 128 young (131072K), 15 survivors (15360K)
 Metaspace       used 164140K, committed 166464K, reserved 1245184K
  class space    used 20148K, committed 21312K, reserved 1048576K
}
Event: 66.397 GC heap after
{Heap after GC invocations=165 (full 0):
 garbage-first heap   total 429056K, used 168741K [0x0000000080000000, 0x0000000100000000)
  region size 1024K, 20 young (20480K), 20 survivors (20480K)
 Metaspace       used 164140K, committed 166464K, reserved 1245184K
  class space    used 20148K, committed 21312K, reserved 1048576K
}
Event: 69.240 GC heap before
{Heap before GC invocations=166 (full 0):
 garbage-first heap   total 429056K, used 384805K [0x0000000080000000, 0x0000000100000000)
  region size 1024K, 231 young (236544K), 20 survivors (20480K)
 Metaspace       used 166064K, committed 168448K, reserved 1245184K
  class space    used 20380K, committed 21568K, reserved 1048576K
}
Event: 69.254 GC heap after
{Heap after GC invocations=167 (full 0):
 garbage-first heap   total 445440K, used 199744K [0x0000000080000000, 0x0000000100000000)
  region size 1024K, 29 young (29696K), 29 survivors (29696K)
 Metaspace       used 166064K, committed 168448K, reserved 1245184K
  class space    used 20380K, committed 21568K, reserved 1048576K
}
Event: 73.069 GC heap before
{Heap before GC invocations=167 (full 0):
 garbage-first heap   total 445440K, used 392256K [0x0000000080000000, 0x0000000100000000)
  region size 1024K, 215 young (220160K), 29 survivors (29696K)
 Metaspace       used 170199K, committed 172544K, reserved 1245184K
  class space    used 20773K, committed 21952K, reserved 1048576K
}
Event: 73.075 GC heap after
{Heap after GC invocations=168 (full 0):
 garbage-first heap   total 445440K, used 192756K [0x0000000080000000, 0x0000000100000000)
  region size 1024K, 5 young (5120K), 5 survivors (5120K)
 Metaspace       used 170199K, committed 172544K, reserved 1245184K
  class space    used 20773K, committed 21952K, reserved 1048576K
}
Event: 73.651 GC heap before
{Heap before GC invocations=168 (full 0):
 garbage-first heap   total 445440K, used 227572K [0x0000000080000000, 0x0000000100000000)
  region size 1024K, 40 young (40960K), 5 survivors (5120K)
 Metaspace       used 172523K, committed 174912K, reserved 1245184K
  class space    used 21108K, committed 22272K, reserved 1048576K
}
Event: 73.654 GC heap after
{Heap after GC invocations=169 (full 0):
 garbage-first heap   total 445440K, used 191362K [0x0000000080000000, 0x0000000100000000)
  region size 1024K, 4 young (4096K), 4 survivors (4096K)
 Metaspace       used 172523K, committed 174912K, reserved 1245184K
  class space    used 21108K, committed 22272K, reserved 1048576K
}

Dll operation events (15 events):
Event: 0.056 Loaded shared library C:\Users\thoma\.gradle\jdks\eclipse_adoptium-21-amd64-windows.2\bin\java.dll
Event: 0.075 Loaded shared library C:\Users\thoma\.gradle\jdks\eclipse_adoptium-21-amd64-windows.2\bin\jsvml.dll
Event: 0.137 Loaded shared library C:\Users\thoma\.gradle\jdks\eclipse_adoptium-21-amd64-windows.2\bin\zip.dll
Event: 0.139 Loaded shared library C:\Users\thoma\.gradle\jdks\eclipse_adoptium-21-amd64-windows.2\bin\instrument.dll
Event: 0.203 Loaded shared library C:\Users\thoma\.gradle\jdks\eclipse_adoptium-21-amd64-windows.2\bin\net.dll
Event: 0.272 Loaded shared library C:\Users\thoma\.gradle\jdks\eclipse_adoptium-21-amd64-windows.2\bin\nio.dll
Event: 0.274 Loaded shared library C:\Users\thoma\.gradle\jdks\eclipse_adoptium-21-amd64-windows.2\bin\zip.dll
Event: 0.443 Loaded shared library C:\Users\thoma\.gradle\jdks\eclipse_adoptium-21-amd64-windows.2\bin\jimage.dll
Event: 0.578 Loaded shared library C:\Users\thoma\.gradle\jdks\eclipse_adoptium-21-amd64-windows.2\bin\verify.dll
Event: 0.594 Loaded shared library C:\Users\thoma\.gradle\native\660c5614fbf4a5f2a75b1949f50a0caf5cd603558e7d8a26e50b933a0cfb79d1\windows-amd64\native-platform.dll
Event: 0.602 Loaded shared library C:\Users\thoma\.gradle\native\0.2.8\x86_64-windows-gnu\gradle-fileevents.dll
Event: 1.274 Loaded shared library C:\Users\thoma\.gradle\jdks\eclipse_adoptium-21-amd64-windows.2\bin\management.dll
Event: 1.338 Loaded shared library C:\Users\thoma\.gradle\jdks\eclipse_adoptium-21-amd64-windows.2\bin\management_ext.dll
Event: 1.441 Loaded shared library C:\Users\thoma\.gradle\jdks\eclipse_adoptium-21-amd64-windows.2\bin\extnet.dll
Event: 1.615 Loaded shared library C:\Users\thoma\.gradle\jdks\eclipse_adoptium-21-amd64-windows.2\bin\sunmscapi.dll

Deoptimization events (20 events):
Event: 74.843 Thread 0x0000013df7a91300 DEOPT PACKING pc=0x0000013de48518f4 sp=0x0000003070cf8c40
Event: 74.843 Thread 0x0000013df7a91300 DEOPT UNPACKING pc=0x0000013de35f46a2 sp=0x0000003070cf8be8 mode 2
Event: 74.887 Thread 0x0000013df7a91300 Uncommon trap: trap_request=0xffffffde fr.pc=0x0000013de40cdb50 relative=0x0000000000004d90
Event: 74.887 Thread 0x0000013df7a91300 Uncommon trap: reason=class_check action=maybe_recompile pc=0x0000013de40cdb50 method=com.google.common.reflect.TypeToken$4.visitParameterizedType(Ljava/lang/reflect/ParameterizedType;)V @ 5 c2
Event: 74.887 Thread 0x0000013df7a91300 DEOPT PACKING pc=0x0000013de40cdb50 sp=0x0000003070cf7dc0
Event: 74.887 Thread 0x0000013df7a91300 DEOPT UNPACKING pc=0x0000013de35f46a2 sp=0x0000003070cf7d80 mode 2
Event: 74.900 Thread 0x0000013df7a91300 Uncommon trap: trap_request=0xffffffde fr.pc=0x0000013de40cdb50 relative=0x0000000000004d90
Event: 74.900 Thread 0x0000013df7a91300 Uncommon trap: reason=class_check action=maybe_recompile pc=0x0000013de40cdb50 method=com.google.common.reflect.TypeToken$4.visitParameterizedType(Ljava/lang/reflect/ParameterizedType;)V @ 5 c2
Event: 74.900 Thread 0x0000013df7a91300 DEOPT PACKING pc=0x0000013de40cdb50 sp=0x0000003070cf7f50
Event: 74.900 Thread 0x0000013df7a91300 DEOPT UNPACKING pc=0x0000013de35f46a2 sp=0x0000003070cf7f10 mode 2
Event: 74.970 Thread 0x0000013df7a91300 DEOPT PACKING pc=0x0000013dde789a2c sp=0x0000003070cf8340
Event: 74.970 Thread 0x0000013df7a91300 DEOPT UNPACKING pc=0x0000013de35f4e42 sp=0x0000003070cf7900 mode 0
Event: 75.041 Thread 0x0000013df7a91300 Uncommon trap: trap_request=0xffffff45 fr.pc=0x0000013de43fcf40 relative=0x00000000000000a0
Event: 75.041 Thread 0x0000013df7a91300 Uncommon trap: reason=unstable_if action=reinterpret pc=0x0000013de43fcf40 method=java.lang.invoke.LambdaForm$BasicType.basicType(C)Ljava/lang/invoke/LambdaForm$BasicType; @ 1 c2
Event: 75.041 Thread 0x0000013df7a91300 DEOPT PACKING pc=0x0000013de43fcf40 sp=0x0000003070cf7e80
Event: 75.041 Thread 0x0000013df7a91300 DEOPT UNPACKING pc=0x0000013de35f46a2 sp=0x0000003070cf7e18 mode 2
Event: 75.052 Thread 0x0000013df7a91300 Uncommon trap: trap_request=0xffffff45 fr.pc=0x0000013de441b484 relative=0x0000000000000064
Event: 75.052 Thread 0x0000013df7a91300 Uncommon trap: reason=unstable_if action=reinterpret pc=0x0000013de441b484 method=java.lang.StringConcatHelper.stringOf(Ljava/lang/Object;)Ljava/lang/String; @ 1 c2
Event: 75.052 Thread 0x0000013df7a91300 DEOPT PACKING pc=0x0000013de441b484 sp=0x0000003070cf8dd0
Event: 75.052 Thread 0x0000013df7a91300 DEOPT UNPACKING pc=0x0000013de35f46a2 sp=0x0000003070cf8d60 mode 2

Classes loaded (20 events):
Event: 66.551 Loading class com/sun/beans/finder/MethodFinder
Event: 66.551 Loading class com/sun/beans/finder/AbstractFinder
Event: 66.552 Loading class com/sun/beans/finder/AbstractFinder done
Event: 66.552 Loading class com/sun/beans/finder/MethodFinder done
Event: 66.552 Loading class com/sun/beans/finder/MethodFinder$1
Event: 66.552 Loading class com/sun/beans/finder/MethodFinder$1 done
Event: 66.552 Loading class com/sun/beans/finder/FinderUtils
Event: 66.552 Loading class com/sun/beans/finder/FinderUtils done
Event: 72.532 Loading class java/text/MessageFormat
Event: 72.533 Loading class java/text/MessageFormat done
Event: 72.569 Loading class java/text/ChoiceFormat
Event: 72.569 Loading class java/text/ChoiceFormat done
Event: 72.613 Loading class java/text/MessageFormat$Field
Event: 72.613 Loading class java/text/MessageFormat$Field done
Event: 73.616 Loading class java/util/Currency
Event: 73.617 Loading class java/util/Currency done
Event: 73.679 Loading class sun/reflect/generics/repository/FieldRepository
Event: 73.679 Loading class sun/reflect/generics/repository/FieldRepository done
Event: 73.701 Loading class jdk/internal/vm/annotation/ForceInline
Event: 73.702 Loading class jdk/internal/vm/annotation/ForceInline done

Classes unloaded (0 events):
No events

Classes redefined (0 events):
No events

Internal exceptions (20 events):
Event: 66.588 Thread 0x0000013df7a91300 Exception <a 'java/lang/ClassNotFoundException'{0x00000000a03ad238}: org/jetbrains/kotlin/gradle/targets/js/npm/DefaultPeerNpmDependencyExtensionBeanInfo> (0x00000000a03ad238) 
thrown [s\src\hotspot\share\classfile\systemDictionary.cpp, line 312]
Event: 66.588 Thread 0x0000013df7a91300 Exception <a 'java/lang/ClassNotFoundException'{0x00000000a03be4d8}: org/jetbrains/kotlin/gradle/targets/js/npm/DefaultPeerNpmDependencyExtensionCustomizer> (0x00000000a03be4d8) 
thrown [s\src\hotspot\share\classfile\systemDictionary.cpp, line 312]
Event: 66.593 Thread 0x0000013df7a91300 Exception <a 'java/lang/ClassNotFoundException'{0x00000000a0208100}: org/jetbrains/kotlin/gradle/targets/js/npm/DefaultPeerNpmDependencyExtension$delegate$1BeanInfo> (0x00000000a0208100) 
thrown [s\src\hotspot\share\classfile\systemDictionary.cpp, line 312]
Event: 66.594 Thread 0x0000013df7a91300 Exception <a 'java/lang/ClassNotFoundException'{0x00000000a0219650}: org/jetbrains/kotlin/gradle/targets/js/npm/DefaultPeerNpmDependencyExtension$delegate$1Customizer> (0x00000000a0219650) 
thrown [s\src\hotspot\share\classfile\systemDictionary.cpp, line 312]
Event: 66.607 Thread 0x0000013df7a91300 Exception <a 'java/lang/NoSuchMethodError'{0x00000000a02cf950}: static Lorg/jetbrains/kotlin/gradle/plugin/internal/DefaultIdeaSyncDetector$createIdeaPropertiesEvaluator$1;.<clinit>()V> (0x00000000a02cf950) 
thrown [s\src\hotspot\share\prims\jni.cpp, line 1111]
Event: 68.728 Thread 0x0000013df7a91300 Exception <a 'sun/nio/fs/WindowsException'{0x00000000900ebea0}> (0x00000000900ebea0) 
thrown [s\src\hotspot\share\prims\jni.cpp, line 520]
Event: 68.728 Thread 0x0000013df7a91300 Exception <a 'sun/nio/fs/WindowsException'{0x00000000900eda58}> (0x00000000900eda58) 
thrown [s\src\hotspot\share\prims\jni.cpp, line 520]
Event: 69.823 Thread 0x0000013df7a91300 Exception <a 'java/lang/NoSuchMethodError'{0x00000000974d5108}: 'int java.lang.invoke.DirectMethodHandle$Holder.invokeStaticInit(java.lang.Object, int)'> (0x00000000974d5108) 
thrown [s\src\hotspot\share\interpreter\linkResolver.cpp, line 773]
Event: 69.880 Thread 0x0000013df7a91300 Implicit null exception at 0x0000013de45ae323 to 0x0000013de45aeb18
Event: 72.143 Thread 0x0000013df7a91300 Exception <a 'java/lang/NoSuchMethodError'{0x000000008fbde9f8}: 'java.lang.Object java.lang.invoke.DirectMethodHandle$Holder.newInvokeSpecial(java.lang.Object, java.lang.Object, java.lang.Object, java.lang.Object, int, int, int, java.lang.Object)'> (0x000000008fbde9f8) 
thrown [s\src\hotspot\share\interpreter\linkResolver.cpp, line 773]
Event: 72.636 Thread 0x0000013df7a91300 Exception <a 'sun/nio/fs/WindowsException'{0x000000008f180450}> (0x000000008f180450) 
thrown [s\src\hotspot\share\prims\jni.cpp, line 520]
Event: 72.637 Thread 0x0000013df7a91300 Exception <a 'sun/nio/fs/WindowsException'{0x000000008f182090}> (0x000000008f182090) 
thrown [s\src\hotspot\share\prims\jni.cpp, line 520]
Event: 72.640 Thread 0x0000013df7a91300 Exception <a 'sun/nio/fs/WindowsException'{0x000000008f189bf0}> (0x000000008f189bf0) 
thrown [s\src\hotspot\share\prims\jni.cpp, line 520]
Event: 72.642 Thread 0x0000013df7a91300 Exception <a 'sun/nio/fs/WindowsException'{0x000000008f1a1a60}> (0x000000008f1a1a60) 
thrown [s\src\hotspot\share\prims\jni.cpp, line 520]
Event: 72.645 Thread 0x0000013df7a91300 Exception <a 'sun/nio/fs/WindowsException'{0x000000008f1c8718}> (0x000000008f1c8718) 
thrown [s\src\hotspot\share\prims\jni.cpp, line 520]
Event: 72.650 Thread 0x0000013df7a91300 Exception <a 'sun/nio/fs/WindowsException'{0x000000008f1cf7c0}> (0x000000008f1cf7c0) 
thrown [s\src\hotspot\share\prims\jni.cpp, line 520]
Event: 72.753 Thread 0x0000013df7a91300 Exception <a 'java/lang/NoSuchMethodError'{0x000000008edc6c30}: 'int java.lang.invoke.DirectMethodHandle$Holder.invokeSpecialIFC(java.lang.Object, java.lang.Object, java.lang.Object, java.lang.Object, java.lang.Object)'> (0x000000008edc6c30) 
thrown [s\src\hotspot\share\interpreter\linkResolver.cpp, line 773]
Event: 73.149 Thread 0x0000013df7a91300 Exception <a 'java/lang/NoSuchMethodError'{0x00000000a054cb40}: 'java.lang.Object java.lang.invoke.DirectMethodHandle$Holder.newInvokeSpecial(java.lang.Object, java.lang.Object, java.lang.Object, java.lang.Object, java.lang.Object, java.lang.Object, java.lang.Object, java.lang.Object, java.lang.Object, java.lang.Object, java.lang.Object, java.lang.Object, java.lang.Object, java.lang.Object)'> (0x00000000a054cb40) 
thrown [s\src\hotspot\share\interpreter\linkResolver.cpp, line 773]
Event: 73.704 Thread 0x0000013df7a91300 Exception <a 'java/lang/NoSuchMethodError'{0x00000000ff053cf0}: 'void java.lang.invoke.Invokers$Holder.invokeExact_MT(java.lang.Object, java.lang.Object, java.lang.Object, java.lang.Object)'> (0x00000000ff053cf0) 
thrown [s\src\hotspot\share\interpreter\linkResolver.cpp, line 773]
Event: 75.052 Thread 0x0000013df7a91300 Implicit null exception at 0x0000013de441b43a to 0x0000013de441b474

ZGC Phase Switch (0 events):
No events

VM Operations (20 events):
Event: 71.876 Executing VM operation: ICBufferFull
Event: 71.877 Executing VM operation: ICBufferFull done
Event: 72.001 Executing VM operation: ICBufferFull
Event: 72.002 Executing VM operation: ICBufferFull done
Event: 72.414 Executing VM operation: ICBufferFull
Event: 72.414 Executing VM operation: ICBufferFull done
Event: 72.459 Executing VM operation: HandshakeAllThreads (Deoptimize)
Event: 72.459 Executing VM operation: HandshakeAllThreads (Deoptimize) done
Event: 73.069 Executing VM operation: G1CollectForAllocation (G1 Evacuation Pause)
Event: 73.075 Executing VM operation: G1CollectForAllocation (G1 Evacuation Pause) done
Event: 73.651 Executing VM operation: G1TryInitiateConcMark (G1 Humongous Allocation)
Event: 73.655 Executing VM operation: G1TryInitiateConcMark (G1 Humongous Allocation) done
Event: 73.728 Executing VM operation: G1PauseRemark
Event: 73.748 Executing VM operation: G1PauseRemark done
Event: 73.794 Executing VM operation: G1PauseCleanup
Event: 73.794 Executing VM operation: G1PauseCleanup done
Event: 74.798 Executing VM operation: Cleanup
Event: 74.798 Executing VM operation: Cleanup done
Event: 75.798 Executing VM operation: Cleanup
Event: 75.798 Executing VM operation: Cleanup done

Memory protections (0 events):
No events

Nmethod flushes (20 events):
Event: 73.746 Thread 0x0000013df08e7df0 flushing  nmethod 0x0000013ddce74f10
Event: 73.746 Thread 0x0000013df08e7df0 flushing  nmethod 0x0000013ddd437090
Event: 73.746 Thread 0x0000013df08e7df0 flushing  nmethod 0x0000013ddd438010
Event: 73.746 Thread 0x0000013df08e7df0 flushing  nmethod 0x0000013dde50a690
Event: 73.746 Thread 0x0000013df08e7df0 flushing  nmethod 0x0000013dde93a110
Event: 73.746 Thread 0x0000013df08e7df0 flushing  nmethod 0x0000013de3ee6f90
Event: 73.746 Thread 0x0000013df08e7df0 flushing  nmethod 0x0000013de4290190
Event: 73.746 Thread 0x0000013df08e7df0 flushing  nmethod 0x0000013de42cff90
Event: 73.746 Thread 0x0000013df08e7df0 flushing  nmethod 0x0000013de434ac90
Event: 73.746 Thread 0x0000013df08e7df0 flushing  nmethod 0x0000013ddc17d010
Event: 73.746 Thread 0x0000013df08e7df0 flushing  nmethod 0x0000013ddc17f390
Event: 73.746 Thread 0x0000013df08e7df0 flushing  nmethod 0x0000013ddc44b190
Event: 73.746 Thread 0x0000013df08e7df0 flushing  nmethod 0x0000013ddc5ec890
Event: 73.746 Thread 0x0000013df08e7df0 flushing  nmethod 0x0000013ddc8d1e90
Event: 73.746 Thread 0x0000013df08e7df0 flushing  nmethod 0x0000013ddc8f3010
Event: 73.746 Thread 0x0000013df08e7df0 flushing  nmethod 0x0000013ddc923210
Event: 73.746 Thread 0x0000013df08e7df0 flushing  nmethod 0x0000013dde361190
Event: 73.746 Thread 0x0000013df08e7df0 flushing  nmethod 0x0000013dde3a3410
Event: 73.746 Thread 0x0000013df08e7df0 flushing  nmethod 0x0000013dde981610
Event: 73.746 Thread 0x0000013df08e7df0 flushing  nmethod 0x0000013dde987790

Events (20 events):
Event: 68.735 Thread 0x0000013dc2ee1e10 Thread added: 0x0000013dffb925a0
Event: 68.738 Thread 0x0000013dc2ee1e10 Thread added: 0x0000013dfae2e7a0
Event: 68.738 Thread 0x0000013dc2ee1e10 Thread added: 0x0000013dfae2ee70
Event: 68.739 Thread 0x0000013df0919880 Thread added: 0x0000013dc2930fd0
Event: 68.742 Thread 0x0000013dfae2ee70 Thread added: 0x0000013df90b2360
Event: 69.265 Thread 0x0000013df90b2360 Thread exited: 0x0000013df90b2360
Event: 69.286 Thread 0x0000013dfae2e7a0 Thread exited: 0x0000013dfae2e7a0
Event: 69.286 Thread 0x0000013dffb91ed0 Thread exited: 0x0000013dffb91ed0
Event: 69.286 Thread 0x0000013dc2930fd0 Thread exited: 0x0000013dc2930fd0
Event: 69.375 Thread 0x0000013dc2ee1e10 Thread added: 0x0000013dfcc35150
Event: 69.719 Thread 0x0000013dfcc35150 Thread exited: 0x0000013dfcc35150
Event: 69.728 Thread 0x0000013dffb925a0 Thread added: 0x0000013df649d030
Event: 69.732 Thread 0x0000013dc2ee1e10 Thread added: 0x0000013dfcc35820
Event: 69.802 Thread 0x0000013df0919880 Thread added: 0x0000013df9ba0a40
Event: 72.625 Thread 0x0000013df9ba0a40 Thread exited: 0x0000013df9ba0a40
Event: 72.664 Thread 0x0000013dfcc35820 Thread exited: 0x0000013dfcc35820
Event: 73.143 Thread 0x0000013df649d030 Thread exited: 0x0000013df649d030
Event: 73.145 Thread 0x0000013dffb91800 Thread exited: 0x0000013dffb91800
Event: 74.174 Thread 0x0000013dc2f7dfb0 Thread exited: 0x0000013dc2f7dfb0
Event: 74.925 Thread 0x0000013dfae2ee70 Thread added: 0x0000013dfc8fcd90


Dynamic libraries:
0x00007ff797bf0000 - 0x00007ff797bfe000 	C:\Users\thoma\.gradle\jdks\eclipse_adoptium-21-amd64-windows.2\bin\java.exe
0x00007fff48180000 - 0x00007fff483e7000 	C:\WINDOWS\SYSTEM32\ntdll.dll
0x00007fff465e0000 - 0x00007fff466a9000 	C:\WINDOWS\System32\KERNEL32.DLL
0x00007fff44bb0000 - 0x00007fff44fa7000 	C:\WINDOWS\System32\KERNELBASE.dll
0x00007fff44fb0000 - 0x00007fff450fb000 	C:\WINDOWS\System32\ucrtbase.dll
0x00007fff18e30000 - 0x00007fff18e48000 	C:\Users\thoma\.gradle\jdks\eclipse_adoptium-21-amd64-windows.2\bin\jli.dll
0x00007fff18d80000 - 0x00007fff18d9e000 	C:\Users\thoma\.gradle\jdks\eclipse_adoptium-21-amd64-windows.2\bin\VCRUNTIME140.dll
0x00007fff46be0000 - 0x00007fff46da6000 	C:\WINDOWS\System32\USER32.dll
0x00007fff45d90000 - 0x00007fff45db7000 	C:\WINDOWS\System32\win32u.dll
0x00007fff46db0000 - 0x00007fff46ddb000 	C:\WINDOWS\System32\GDI32.dll
0x00007fff45a30000 - 0x00007fff45b5c000 	C:\WINDOWS\System32\gdi32full.dll
0x00007fff45e50000 - 0x00007fff45ef3000 	C:\WINDOWS\System32\msvcp_win.dll
0x00007fff281f0000 - 0x00007fff28482000 	C:\WINDOWS\WinSxS\amd64_microsoft.windows.common-controls_6595b64144ccf1df_6.0.26100.8457_none_3e0b2faee331e92d\COMCTL32.dll
0x00007fff46210000 - 0x00007fff462b9000 	C:\WINDOWS\System32\msvcrt.dll
0x00007fff46de0000 - 0x00007fff46e12000 	C:\WINDOWS\System32\IMM32.DLL
0x00007fff12a90000 - 0x00007fff12a9c000 	C:\Users\thoma\.gradle\jdks\eclipse_adoptium-21-amd64-windows.2\bin\vcruntime140_1.dll
0x00007fff009f0000 - 0x00007fff00a7d000 	C:\Users\thoma\.gradle\jdks\eclipse_adoptium-21-amd64-windows.2\bin\msvcp140.dll
0x00007ffe29ae0000 - 0x00007ffe2a870000 	C:\Users\thoma\.gradle\jdks\eclipse_adoptium-21-amd64-windows.2\bin\server\jvm.dll
0x00007fff46e40000 - 0x00007fff46ef6000 	C:\WINDOWS\System32\ADVAPI32.dll
0x00007fff462c0000 - 0x00007fff46367000 	C:\WINDOWS\System32\sechost.dll
0x00007fff47380000 - 0x00007fff47498000 	C:\WINDOWS\System32\RPCRT4.dll
0x00007fff47c20000 - 0x00007fff47ca0000 	C:\WINDOWS\System32\WS2_32.dll
0x00007fff44860000 - 0x00007fff448be000 	C:\WINDOWS\SYSTEM32\POWRPROF.dll
0x00007fff3ba10000 - 0x00007fff3ba1b000 	C:\WINDOWS\SYSTEM32\VERSION.dll
0x00007fff37210000 - 0x00007fff37246000 	C:\WINDOWS\SYSTEM32\WINMM.dll
0x00007fff44840000 - 0x00007fff44854000 	C:\WINDOWS\SYSTEM32\UMPDC.dll
0x00007fff43940000 - 0x00007fff4395b000 	C:\WINDOWS\SYSTEM32\kernel.appcore.dll
0x00007fff12a80000 - 0x00007fff12a8a000 	C:\Users\thoma\.gradle\jdks\eclipse_adoptium-21-amd64-windows.2\bin\jimage.dll
0x00007fff42ba0000 - 0x00007fff42de2000 	C:\WINDOWS\SYSTEM32\DBGHELP.DLL
0x00007fff466c0000 - 0x00007fff46a43000 	C:\WINDOWS\System32\combase.dll
0x00007fff45f90000 - 0x00007fff46069000 	C:\WINDOWS\System32\OLEAUT32.dll
0x00007fff02b80000 - 0x00007fff02bbb000 	C:\WINDOWS\SYSTEM32\dbgcore.DLL
0x00007fff45b60000 - 0x00007fff45c08000 	C:\WINDOWS\System32\bcryptPrimitives.dll
0x00007fff12a70000 - 0x00007fff12a7f000 	C:\Users\thoma\.gradle\jdks\eclipse_adoptium-21-amd64-windows.2\bin\instrument.dll
0x00007fff12a50000 - 0x00007fff12a6f000 	C:\Users\thoma\.gradle\jdks\eclipse_adoptium-21-amd64-windows.2\bin\java.dll
0x00007fff474a0000 - 0x00007fff47c0e000 	C:\WINDOWS\System32\SHELL32.dll
0x00007fff45100000 - 0x00007fff4596c000 	C:\WINDOWS\System32\windows.storage.dll
0x00007fff46ae0000 - 0x00007fff46bd6000 	C:\WINDOWS\System32\SHCORE.dll
0x00007fff464e0000 - 0x00007fff46546000 	C:\WINDOWS\System32\shlwapi.dll
0x00007fff44ad0000 - 0x00007fff44af9000 	C:\WINDOWS\SYSTEM32\profapi.dll
0x00007ffebccc0000 - 0x00007ffebcd97000 	C:\Users\thoma\.gradle\jdks\eclipse_adoptium-21-amd64-windows.2\bin\jsvml.dll
0x00007fff12a30000 - 0x00007fff12a48000 	C:\Users\thoma\.gradle\jdks\eclipse_adoptium-21-amd64-windows.2\bin\zip.dll
0x00007fff12a20000 - 0x00007fff12a30000 	C:\Users\thoma\.gradle\jdks\eclipse_adoptium-21-amd64-windows.2\bin\net.dll
0x00007fff3f500000 - 0x00007fff3f629000 	C:\WINDOWS\SYSTEM32\WINHTTP.dll
0x00007fff43eb0000 - 0x00007fff43f1c000 	C:\WINDOWS\system32\mswsock.dll
0x00007fff009d0000 - 0x00007fff009e6000 	C:\Users\thoma\.gradle\jdks\eclipse_adoptium-21-amd64-windows.2\bin\nio.dll
0x00007fff129e0000 - 0x00007fff129f0000 	C:\Users\thoma\.gradle\jdks\eclipse_adoptium-21-amd64-windows.2\bin\verify.dll
0x00007fff1a510000 - 0x00007fff1a537000 	C:\Users\thoma\.gradle\native\660c5614fbf4a5f2a75b1949f50a0caf5cd603558e7d8a26e50b933a0cfb79d1\windows-amd64\native-platform.dll
0x00007ffefebb0000 - 0x00007ffefec27000 	C:\Users\thoma\.gradle\native\0.2.8\x86_64-windows-gnu\gradle-fileevents.dll
0x00007fff12620000 - 0x00007fff1262a000 	C:\Users\thoma\.gradle\jdks\eclipse_adoptium-21-amd64-windows.2\bin\management.dll
0x00007fff11220000 - 0x00007fff1122b000 	C:\Users\thoma\.gradle\jdks\eclipse_adoptium-21-amd64-windows.2\bin\management_ext.dll
0x00007fff46e30000 - 0x00007fff46e38000 	C:\WINDOWS\System32\PSAPI.DLL
0x00007fff43380000 - 0x00007fff433b2000 	C:\WINDOWS\SYSTEM32\IPHLPAPI.DLL
0x00007fff466b0000 - 0x00007fff466ba000 	C:\WINDOWS\System32\NSI.dll
0x00007fff111e0000 - 0x00007fff111e9000 	C:\Users\thoma\.gradle\jdks\eclipse_adoptium-21-amd64-windows.2\bin\extnet.dll
0x00007fff441a0000 - 0x00007fff441bb000 	C:\WINDOWS\SYSTEM32\CRYPTSP.dll
0x00007fff438a0000 - 0x00007fff438d9000 	C:\WINDOWS\system32\rsaenh.dll
0x00007fff43f60000 - 0x00007fff43f93000 	C:\WINDOWS\SYSTEM32\USERENV.dll
0x00007fff44aa0000 - 0x00007fff44aca000 	C:\WINDOWS\SYSTEM32\bcrypt.dll
0x00007fff44190000 - 0x00007fff4419c000 	C:\WINDOWS\SYSTEM32\CRYPTBASE.dll
0x00007fff05bb0000 - 0x00007fff05bbe000 	C:\Users\thoma\.gradle\jdks\eclipse_adoptium-21-amd64-windows.2\bin\sunmscapi.dll
0x00007fff45c10000 - 0x00007fff45d88000 	C:\WINDOWS\System32\CRYPT32.dll
0x00007fff44420000 - 0x00007fff44450000 	C:\WINDOWS\SYSTEM32\ncrypt.dll
0x00007fff443d0000 - 0x00007fff4440f000 	C:\WINDOWS\SYSTEM32\NTASN1.dll
0x00007fff202c0000 - 0x00007fff202c8000 	C:\WINDOWS\system32\wshunix.dll
0x00007fff43420000 - 0x00007fff43552000 	C:\WINDOWS\SYSTEM32\DNSAPI.dll
0x00007fff3e5b0000 - 0x00007fff3e5bb000 	C:\Windows\System32\rasadhlp.dll
0x00007fff3fb50000 - 0x00007fff3fbd6000 	C:\WINDOWS\System32\fwpuclnt.dll

dbghelp: loaded successfully - version: 4.0.5 - missing functions: none
symbol engine: initialized successfully - sym options: 0x614 - pdb path: .;C:\Users\thoma\.gradle\jdks\eclipse_adoptium-21-amd64-windows.2\bin;C:\WINDOWS\SYSTEM32;C:\WINDOWS\WinSxS\amd64_microsoft.windows.common-controls_6595b64144ccf1df_6.0.26100.8457_none_3e0b2faee331e92d;C:\Users\thoma\.gradle\jdks\eclipse_adoptium-21-amd64-windows.2\bin\server;C:\Users\thoma\.gradle\native\660c5614fbf4a5f2a75b1949f50a0caf5cd603558e7d8a26e50b933a0cfb79d1\windows-amd64;C:\Users\thoma\.gradle\native\0.2.8\x86_64-windows-gnu

VM Arguments:
jvm_args: --add-opens=java.base/java.lang=ALL-UNNAMED --add-opens=java.base/java.lang.invoke=ALL-UNNAMED --add-opens=java.base/java.util=ALL-UNNAMED --add-opens=java.prefs/java.util.prefs=ALL-UNNAMED --add-exports=jdk.compiler/com.sun.tools.javac.api=ALL-UNNAMED --add-exports=jdk.compiler/com.sun.tools.javac.util=ALL-UNNAMED --add-opens=java.base/java.util=ALL-UNNAMED --add-opens=java.prefs/java.util.prefs=ALL-UNNAMED --add-opens=java.base/java.nio.charset=ALL-UNNAMED --add-opens=java.base/java.net=ALL-UNNAMED --add-opens=java.base/java.util.concurrent=ALL-UNNAMED --add-opens=java.base/java.util.concurrent.atomic=ALL-UNNAMED --add-opens=java.xml/javax.xml.namespace=ALL-UNNAMED --add-opens=java.base/java.time=ALL-UNNAMED -Xmx2048m -Dfile.encoding=UTF-8 -Duser.country=US -Duser.language=en -Duser.variant -javaagent:C:\Users\thoma\.gradle\wrapper\dists\gradle-9.2.1-bin\2t0n5ozlw9xmuyvbp7dnzaxug\gradle-9.2.1\lib\agents\gradle-instrumentation-agent-9.2.1.jar 
java_command: org.gradle.launcher.daemon.bootstrap.GradleDaemon 9.2.1
java_class_path (initial): C:\Users\thoma\.gradle\wrapper\dists\gradle-9.2.1-bin\2t0n5ozlw9xmuyvbp7dnzaxug\gradle-9.2.1\lib\gradle-daemon-main-9.2.1.jar
Launcher Type: SUN_STANDARD

[Global flags]
     intx CICompilerCount                          = 12                                        {product} {ergonomic}
     uint ConcGCThreads                            = 4                                         {product} {ergonomic}
     uint G1ConcRefinementThreads                  = 15                                        {product} {ergonomic}
   size_t G1HeapRegionSize                         = 1048576                                   {product} {ergonomic}
    uintx GCDrainStackTargetSize                   = 64                                        {product} {ergonomic}
   size_t InitialHeapSize                          = 264241152                                 {product} {ergonomic}
   size_t MarkStackSize                            = 4194304                                   {product} {ergonomic}
   size_t MaxHeapSize                              = 2147483648                                {product} {command line}
   size_t MaxNewSize                               = 1287651328                                {product} {ergonomic}
   size_t MinHeapDeltaBytes                        = 1048576                                   {product} {ergonomic}
   size_t MinHeapSize                              = 8388608                                   {product} {ergonomic}
    uintx NonNMethodCodeHeapSize                   = 7602480                                {pd product} {ergonomic}
    uintx NonProfiledCodeHeapSize                  = 122027880                              {pd product} {ergonomic}
    uintx ProfiledCodeHeapSize                     = 122027880                              {pd product} {ergonomic}
    uintx ReservedCodeCacheSize                    = 251658240                              {pd product} {ergonomic}
     bool SegmentedCodeCache                       = true                                      {product} {ergonomic}
   size_t SoftMaxHeapSize                          = 2147483648                             {manageable} {ergonomic}
     bool UseCompressedOops                        = true                           {product lp64_product} {ergonomic}
     bool UseG1GC                                  = true                                      {product} {ergonomic}
     bool UseLargePagesIndividualAllocation        = false                                  {pd product} {ergonomic}

Logging:
Log output configuration:
 #0: stdout all=warning uptime,level,tags foldmultilines=false
 #1: stderr all=off uptime,level,tags foldmultilines=false

Environment Variables:
JAVA_HOME=C:\Program Files\Eclipse Adoptium\jdk-17.0.19.10-hotspot\
PATH=C:\Users\thoma\bin;C:\Program Files\Git\mingw64\bin;C:\Program Files\Git\usr\local\bin;C:\Program Files\Git\usr\bin;C:\Program Files\Git\usr\bin;C:\Program Files\Git\mingw64\bin;C:\Program Files\Git\usr\bin;C:\Users\thoma\bin;C:\Program Files\Eclipse Adoptium\jdk-17.0.19.10-hotspot\bin;C:\Windows\system32;C:\Windows;C:\Windows\System32\Wbem;C:\Windows\System32\WindowsPowerShell\v1.0;C:\Windows\System32\OpenSSH;C:\Program Files (x86)\NVIDIA Corporation\PhysX\Common;C:\Program Files\NVIDIA Corporation\NVIDIA NvDLISR;C:\WINDOWS\system32;C:\WINDOWS;C:\WINDOWS\System32\Wbem;C:\WINDOWS\System32\WindowsPowerShell\v1.0;C:\WINDOWS\System32\OpenSSH;C:\Program Files\Docker\Docker\resources\bin;C:\Program Files\Git\cmd;C:\Program Files\nodejs;C:\Program Files\GitHub CLI;C:\Users\thoma\AppData\Local\Programs\Eclipse Adoptium\jdk-25.0.2.10-hotspot\bin;C:\Users\thoma\AppData\Local\Programs\Python\Python312\Scripts;C:\Users\thoma\AppData\Local\Programs\Python\Python312;C:\Users\thoma\AppData\Local\Programs\Python\Launcher;C:\Users\thoma\AppData\Local\Microsoft\WindowsApps;C:\Users\thoma\AppData\Local\Programs\Microsoft VS Code\bin;C:\Users\thoma\AppData\Roaming\npm;C:\Users\thoma\AppData\Local\Python\bin;C:\src\flutter\bin;C:\Users\thoma\AppData\Local\Programs\Python\Python312;C:\Program Files\nodejs;C:\Program Files\Git\mingw64\bin;C:\Program Files\Git\usr\bin\vendor_perl;C:\Program Files\Git\usr\bin\core_perl;C:\Users\thoma\AppData\Roaming\Claude\local-agent-mode-sessions\skills-plugin\d724b334-3529-4fd1-89a5-2772d233c9af\55bd1430-2d4c-4782-b3d3-a1c973d176fb\bin
USERNAME=thoma
SHELL=C:\Program Files\Git\usr\bin\bash.exe
TERM=xterm-256color
TMPDIR=C:\Users\thoma\AppData\Local\Temp\claude
OS=Windows_NT
PROCESSOR_IDENTIFIER=Intel64 Family 6 Model 186 Stepping 2, GenuineIntel
TMP=C:\Users\thoma\AppData\Local\Temp
TEMP=C:\Users\thoma\AppData\Local\Temp




Periodic native trim disabled

---------------  S Y S T E M  ---------------

OS:
 Windows 11 , 64 bit Build 26100 (10.0.26100.8328)
OS uptime: 0 days 18:05 hours
Hyper-V role detected

CPU: total 20 (initial active 20) (10 cores per cpu, 2 threads per core) family 6 model 186 stepping 2 microcode 0x4122, cx8, cmov, fxsr, ht, mmx, 3dnowpref, sse, sse2, sse3, ssse3, sse4.1, sse4.2, popcnt, lzcnt, tsc, tscinvbit, avx, avx2, aes, erms, clmul, bmi1, bmi2, adx, sha, fma, vzeroupper, clflush, clflushopt, clwb, hv, serialize, rdtscp, rdpid, fsrm, f16c, cet_ibt, cet_ss
Processor Information for processor 0
  Max Mhz: 2600, Current Mhz: 2600, Mhz Limit: 2600
Processor Information for processor 1
  Max Mhz: 2600, Current Mhz: 2600, Mhz Limit: 2600
Processor Information for processor 2
  Max Mhz: 2600, Current Mhz: 2600, Mhz Limit: 2600
Processor Information for processor 3
  Max Mhz: 2600, Current Mhz: 2600, Mhz Limit: 2600
Processor Information for processor 4
  Max Mhz: 2600, Current Mhz: 2600, Mhz Limit: 2600
Processor Information for processor 5
  Max Mhz: 2600, Current Mhz: 2600, Mhz Limit: 2600
Processor Information for processor 6
  Max Mhz: 2600, Current Mhz: 2600, Mhz Limit: 2600
Processor Information for processor 7
  Max Mhz: 2600, Current Mhz: 2600, Mhz Limit: 2600
Processor Information for processor 8
  Max Mhz: 2600, Current Mhz: 2600, Mhz Limit: 2600
Processor Information for processor 9
  Max Mhz: 2600, Current Mhz: 2600, Mhz Limit: 2600
Processor Information for processor 10
  Max Mhz: 2600, Current Mhz: 2600, Mhz Limit: 2600
Processor Information for processor 11
  Max Mhz: 2600, Current Mhz: 2600, Mhz Limit: 2600
Processor Information for processor 12
  Max Mhz: 2600, Current Mhz: 1900, Mhz Limit: 1898
Processor Information for processor 13
  Max Mhz: 2600, Current Mhz: 1900, Mhz Limit: 1898
Processor Information for processor 14
  Max Mhz: 2600, Current Mhz: 1900, Mhz Limit: 1898
Processor Information for processor 15
  Max Mhz: 2600, Current Mhz: 1900, Mhz Limit: 1898
Processor Information for processor 16
  Max Mhz: 2600, Current Mhz: 1900, Mhz Limit: 1898
Processor Information for processor 17
  Max Mhz: 2600, Current Mhz: 1900, Mhz Limit: 1898
Processor Information for processor 18
  Max Mhz: 2600, Current Mhz: 1900, Mhz Limit: 1898
Processor Information for processor 19
  Max Mhz: 2600, Current Mhz: 1900, Mhz Limit: 1898

Memory: 4k page, system-wide physical 16013M (1666M free)
TotalPageFile size 22157M (AvailPageFile size 6M)
current process WorkingSet (physical memory assigned to process): 971M, peak: 1003M
current process commit charge ("private bytes"): 1016M, peak: 1048M

vm_info: OpenJDK 64-Bit Server VM (21.0.7+6-LTS) for windows-amd64 JRE (21.0.7+6-LTS), built on 2025-04-15T00:00:00Z by "admin" with MS VC++ 17.7 (VS2022)

END.
